Timestamp,Transaction Type,Asset,Quantity Transacted,Spot Price Currency,Spot Price at Transaction,Subtotal,Total (inclusive of fees and/or spread),Fees and/or Spread,Notes
2024-03-23 05:26:02 UTC,Staking Income,ETH2,0.000000117719,USD,3329.26,0.00,0.00,0,
2024-03-19 22:20:16 UTC,Staking Income,ETH2,0.000000199852,USD,3238.18,0.00,0.00,0,
2024-03-17 15:39:44 UTC,Staking Income,ETH2,0.000000150613,USD,3617.46,0.00,0.00,0,
2024-03-15 05:56:01 UTC,Staking Income,ETH2,0.00000015498,USD,3670.70,0.00,0.00,0,
2024-03-10 17:52:36 UTC,Staking Income,ETH2,0.000000172656,USD,3917.52,0.00,0.00,0,
2024-03-08 02:32:57 UTC,Staking Income,ETH2,0.00000014646,USD,3911.81,0.00,0.00,0,
2024-03-05 18:03:05 UTC,Staking Income,ETH2,0.00000019385,USD,3677.73,0.00,0.00,0,
2024-03-01 17:35:41 UTC,Staking Income,ETH2,0.000000107051,USD,3418.07,0.00,0.00,0,
2024-02-28 03:47:39 UTC,Staking Income,ETH2,0.000000144959,USD,3248.01,0.00,0.00,0,
2024-02-24 17:56:46 UTC,Staking Income,ETH2,0.000000155558,USD,2985.52,0.00,0.00,0,
2024-02-23 18:01:38 UTC,Receive,ATOM,0.000146,USD,10.01,0.00,0.00,0,Received 0.000146 ATOM from 
2024-02-23 18:01:38 UTC,Send,ATOM,0.000146,USD,10.01,0.00,0.00,0,Sent 0.000146 ATOM to 
2024-02-21 16:37:34 UTC,Staking Income,ETH2,0.000000132581,USD,2908.94,0.00,0.00,0,
2024-02-19 17:50:37 UTC,Staking Income,ETH2,0.000000150848,USD,2926.66,0.00,0.00,0,
2024-02-15 19:35:57 UTC,Staking Income,ETH2,0.000000160436,USD,2815.06,0.00,0.00,0,
2024-02-13 07:52:48 UTC,Staking Income,ETH2,0.000000145452,USD,2652.74,0.00,0.00,0,
2024-02-13 07:08:01 UTC,Staking Income,ETH2,0.000000113883,USD,2649.44,0.00,0.00,0,
2024-02-06 21:49:51 UTC,Staking Income,ETH2,0.000000175429,USD,2384.00,0.00,0.00,0,
2024-02-03 17:10:42 UTC,Staking Income,ETH2,0.000000135278,USD,2306.44,0.00,0.00,0,
2024-02-02 16:02:28 UTC,Receive,ADA,0.000273,USD,0.52,0.00,0.00,0,Received 0.000273 ADA from 
2024-02-02 16:02:28 UTC,Send,ADA,0.000273,USD,0.52,0.00,0.00,0,Sent 0.000273 ADA to 
2024-02-01 22:00:55 UTC,Receive,XTZ,0.300866,USD,0.98,0.30,0.30,0,Received 0.300866 XTZ from 
2024-02-01 22:00:55 UTC,Send,XTZ,0.300866,USD,0.98,0.30,0.30,0,Sent 0.300866 XTZ to 
2024-02-01 16:14:19 UTC,Staking Income,ETH2,0.000000161335,USD,2290.22,0.00,0.00,0,
2024-01-30 18:52:43 UTC,Staking Income,ETH2,0.000000128197,USD,2376.62,0.00,0.00,0,
2024-01-25 18:30:33 UTC,Staking Income,ETH2,0.000000144571,USD,2217.62,0.00,0.00,0,
2024-01-22 17:39:15 UTC,Staking Income,ETH2,0.000000167511,USD,2372.34,0.00,0.00,0,
2024-01-20 12:32:00 UTC,Staking Income,ETH2,0.000000148402,USD,2468.86,0.00,0.00,0,
2024-01-16 14:50:39 UTC,Staking Income,ETH2,0.000000149643,USD,2516.23,0.00,0.00,0,
2024-01-14 02:07:09 UTC,Staking Income,ETH2,0.000000163848,USD,2564.19,0.00,0.00,0,
2024-01-10 20:45:34 UTC,Staking Income,ETH2,0.000000155171,USD,2449.33,0.00,0.00,0,
2024-01-07 18:16:02 UTC,Staking Income,ETH2,0.000000161731,USD,2241.25,0.00,0.00,0,
2024-01-05 01:04:59 UTC,Staking Income,ETH2,0.000000150956,USD,2271.40,0.00,0.00,0,
2024-01-01 15:36:43 UTC,Staking Income,ETH2,0.000000115385,USD,2308.30,0.00,0.00,0,
2023-12-29 20:27:25 UTC,Staking Income,ETH2,0.000000177198,USD,2303.29,0.00,0.00,0,
2023-12-27 16:05:50 UTC,Staking Income,ETH2,0.000000162789,USD,2342.50,0.00,0.00,0,
2023-12-23 17:13:32 UTC,Staking Income,ETH2,0.000000216678,USD,2293.28,0.00,0.00,0,
2023-12-21 21:33:21 UTC,Staking Income,ETH2,0.000000150259,USD,2240.16,0.00,0.00,0,
2023-12-17 14:43:51 UTC,Staking Income,ETH2,0.000000148095,USD,2211.85,0.00,0.00,0,
2023-12-14 18:28:57 UTC,Staking Income,ETH2,0.000000205325,USD,2292.92,0.00,0.00,0,
2023-12-11 22:28:44 UTC,Staking Income,ETH2,0.000000166142,USD,2219.19,0.00,0.00,0,
2023-12-08 21:41:59 UTC,Staking Income,ETH2,0.000000145484,USD,2366.54,0.00,0.00,0,
2023-12-08 04:49:41 UTC,Staking Income,ETH2,0.000000197951,USD,2372.67,0.00,0.00,0,
2023-12-02 16:28:45 UTC,Staking Income,ETH2,0.000000141228,USD,2102.00,0.00,0.00,0,
2023-12-01 00:51:33 UTC,Staking Income,ETH2,0.00000017749,USD,2049.93,0.00,0.00,0,
2023-11-26 19:10:59 UTC,Staking Income,ETH2,0.000000139463,USD,2056.00,0.00,0.00,0,
2023-11-23 21:40:34 UTC,Staking Income,ETH2,0.000000148486,USD,2067.80,0.00,0.00,0,
2023-11-23 12:53:38 UTC,Staking Income,ETH2,0.000000135188,USD,2056.65,0.00,0.00,0,
2023-11-20 15:24:05 UTC,Staking Income,ETH2,0.000000206314,USD,2042.63,0.00,0.00,0,
2023-11-18 01:16:18 UTC,Staking Income,ETH2,0.000000148902,USD,1953.97,0.00,0.00,0,
2023-11-14 17:03:40 UTC,Staking Income,ETH2,0.000000187058,USD,2046.04,0.00,0.00,0,
2023-11-11 18:22:58 UTC,Staking Income,ETH2,0.000000201476,USD,2074.76,0.00,0.00,0,
2023-11-05 19:45:01 UTC,Staking Income,ETH2,0.000000183426,USD,1892.84,0.00,0.00,0,
2023-11-02 21:10:10 UTC,Staking Income,ETH2,0.000000140714,USD,1801.60,0.00,0.00,0,
2023-11-02 14:58:57 UTC,Staking Income,ETH2,0.000000204804,USD,1816.45,0.00,0.00,0,
2023-11-01 01:36:45 UTC,Staking Income,ETH2,0.00000013258,USD,1818.35,0.00,0.00,0,
2023-10-24 16:17:41 UTC,Staking Income,ETH2,0.000000136381,USD,1785.59,0.00,0.00,0,
2023-10-21 14:58:35 UTC,Staking Income,ETH2,0.000000189866,USD,1623.29,0.00,0.00,0,
2023-10-19 19:20:18 UTC,Staking Income,ETH2,0.00000014039,USD,1564.89,0.00,0.00,0,
2023-10-15 15:05:51 UTC,Staking Income,ETH2,0.000000170898,USD,1552.41,0.00,0.00,0,
2023-10-12 18:05:20 UTC,Staking Income,ETH2,0.000000128521,USD,1527.88,0.00,0.00,0,
2023-10-12 01:44:10 UTC,Staking Income,ETH2,0.000000187451,USD,1559.15,0.00,0.00,0,
2023-10-10 00:14:43 UTC,Staking Income,ETH2,0.000000189913,USD,1579.35,0.00,0.00,0,
2023-10-07 06:04:11 UTC,Staking Income,ETH2,0.000000147488,USD,1640.31,0.00,0.00,0,
2023-10-03 08:02:36 UTC,Staking Income,ETH2,0.0000001363,USD,1663.83,0.00,0.00,0,
2023-09-29 05:52:37 UTC,Staking Income,ETH2,0.00000015608,USD,1655.46,0.00,0.00,0,
2023-09-27 00:51:22 UTC,Staking Income,ETH2,0.000000181273,USD,1592.91,0.00,0.00,0,
2023-09-27 00:30:04 UTC,Staking Income,ETH2,0.000000022168,USD,1591.89,0.00,0.00,0,
2023-09-15 16:58:23 UTC,Staking Income,ETH2,0.000000195914,USD,1622.56,0.00,0.00,0,
2023-09-14 20:16:06 UTC,Staking Income,ETH2,0.000000170715,USD,1632.21,0.00,0.00,0,
2023-09-11 15:04:05 UTC,Staking Income,ETH2,0.000000177598,USD,1557.31,0.00,0.00,0,
2023-09-08 16:26:53 UTC,Staking Income,ETH2,0.000000160884,USD,1629.29,0.00,0.00,0,
2023-09-07 00:07:15 UTC,Staking Income,ETH2,0.000000175471,USD,1631.83,0.00,0.00,0,
2023-09-02 18:42:17 UTC,Staking Income,ETH2,0.00000019064,USD,1631.39,0.00,0.00,0,
2023-08-30 19:45:58 UTC,Staking Income,ETH2,0.000000178278,USD,1703.61,0.00,0.00,0,
2023-08-27 17:09:33 UTC,Staking Income,ETH2,0.000000177927,USD,1657.60,0.00,0.00,0,
2023-08-24 16:41:36 UTC,Staking Income,ETH2,0.000000207513,USD,1650.32,0.00,0.00,0,
2023-08-21 17:36:37 UTC,Staking Income,ETH2,0.000000187039,USD,1663.06,0.00,0.00,0,
2023-08-18 16:10:12 UTC,Staking Income,ETH2,0.000000170485,USD,1664.02,0.00,0.00,0,
2023-08-15 18:11:57 UTC,Staking Income,ETH2,0.000000180497,USD,1837.23,0.00,0.00,0,
2023-08-12 22:06:03 UTC,Staking Income,ETH2,0.000000176957,USD,1848.18,0.00,0.00,0,
2023-08-11 09:32:31 UTC,Staking Income,ETH2,0.0000001796,USD,1845.54,0.00,0.00,0,
2023-08-11 01:10:27 UTC,Staking Income,ETH2,0.000000178514,USD,1852.40,0.00,0.00,0,
2023-08-03 15:27:03 UTC,Staking Income,ETH2,0.000000376847,USD,1839.31,0.00,0.00,0,
2023-07-31 14:52:11 UTC,Staking Income,ETH2,0.000000200543,USD,1861.88,0.00,0.00,0,
2023-07-28 20:38:43 UTC,Staking Income,ETH2,0.000000162433,USD,1876.16,0.00,0.00,0,
2023-07-25 17:26:15 UTC,Staking Income,ETH2,0.000000197427,USD,1857.13,0.00,0.00,0,
2023-07-22 20:27:39 UTC,Staking Income,ETH2,0.000000174613,USD,1888.26,0.00,0.00,0,
2023-07-19 19:10:54 UTC,Staking Income,ETH2,0.000000176671,USD,1911.52,0.00,0.00,0,
2023-07-17 19:41:41 UTC,Staking Income,ETH2,0.000000179441,USD,1886.54,0.00,0.00,0,
2023-07-13 16:51:08 UTC,Staking Income,ETH2,0.00000017763,USD,1962.11,0.00,0.00,0,
2023-07-10 20:40:16 UTC,Staking Income,ETH2,0.000000173792,USD,1893.48,0.00,0.00,0,
2023-07-07 20:19:26 UTC,Staking Income,ETH2,0.00000017388,USD,1864.96,0.00,0.00,0,
2023-07-04 07:00:51 UTC,Staking Income,ETH2,0.00000020363,USD,1954.54,0.00,0.00,0,
2023-07-04 06:55:49 UTC,Staking Income,ETH2,0.000000195268,USD,1953.52,0.00,0.00,0,
2023-06-29 04:28:22 UTC,Staking Income,ETH2,0.000000175466,USD,1838.35,0.00,0.00,0,
2023-06-25 16:59:09 UTC,Staking Income,ETH2,0.000000177224,USD,1893.61,0.00,0.00,0,
2023-06-23 17:40:15 UTC,Staking Income,ETH2,0.000000184238,USD,1918.10,0.00,0.00,0,
2023-06-19 17:43:49 UTC,Staking Income,ETH2,0.000000168361,USD,1728.98,0.00,0.00,0,
2023-06-16 18:01:18 UTC,Staking Income,ETH2,0.000000175548,USD,1695.02,0.00,0.00,0,
2023-06-15 17:44:28 UTC,Staking Income,ETH2,0.000000179532,USD,1640.79,0.00,0.00,0,
2023-06-10 22:21:52 UTC,Staking Income,ETH2,0.000000252298,USD,1749.86,0.00,0.00,0,
2023-06-06 18:17:44 UTC,Staking Income,ETH2,0.000000215275,USD,1875.18,0.00,0.00,0,
2023-06-03 21:20:21 UTC,Staking Income,ETH2,0.000000217416,USD,1888.99,0.00,0.00,0,
2023-05-31 19:35:51 UTC,Staking Income,ETH2,0.000000198685,USD,1866.40,0.00,0.00,0,
2023-05-28 17:07:08 UTC,Staking Income,ETH2,0.000000222,USD,1844.01,0.00,0.00,0,
2023-05-08 16:00:05 UTC,Receive,ETH,0.00157981,USD,1866.33,2.95,2.95,0,Received 0.00157981 ETH from 
2023-05-08 16:00:05 UTC,Send,ETH2,0.00157981,USD,1866.33,2.95,2.95,0,Sent 0.00157981 ETH2 to 
2023-05-03 06:11:16 UTC,Staking Income,ETH2,0.000303627,USD,1860.96,0.57,0.57,0,
2023-05-03 04:25:05 UTC,Staking Income,ETH2,0.000323491,USD,1862.43,0.60,0.60,0,
2023-04-30 19:53:08 UTC,Sell,XTZ,1.713479,USD,1.00,1.71,0.72,-0.99,Sold 1.713479 XTZ for 0.72 USD
2023-04-30 19:53:08 UTC,Sell,USD,0.72,USD,2.38,1.71,0.72,-0.99,Sold 0.72 USD for 0.72 USD
2023-04-30 19:52:44 UTC,Sell,USD,2.02,USD,1.49,3.01,2.02,-0.99,Sold 2.02 USD for 2.02 USD
2023-04-30 19:52:44 UTC,Sell,USDT,3.044492,USD,0.99,3.01,2.02,-0.99,Sold 3.044492 USDT for 2.02 USD
2023-04-29 13:23:06 UTC,Receive,ADA,0.000058,USD,0.40,0.00,0.00,0,Received 0.000058 ADA from 
2023-04-28 14:08:37 UTC,Receive,ADA,0.000057,USD,0.40,0.00,0.00,0,Received 0.000057 ADA from 
2023-04-27 08:08:22 UTC,Staking Income,XTZ,0.14693,USD,1.02,0.15,0.15,0,
2023-04-27 06:25:08 UTC,Staking Income,XTZ,0.000576,USD,1.03,0.00,0.00,0,
2023-04-27 01:00:59 UTC,Staking Income,XTZ,0.150121,USD,1.03,0.15,0.15,0,
2023-04-26 19:37:52 UTC,Staking Income,XTZ,0.000682,USD,1.02,0.00,0.00,0,
2023-04-26 15:58:50 UTC,Send,ETH,1.00186125,USD,1951.93,1955.56,1955.56,0,Sent 1.00186125 ETH to 0x4026Fc7f3d8b4B6AA4F0fA8823077A31a3367a26
2023-04-26 15:56:43 UTC,Staking Income,XTZ,0.000477,USD,1.05,0.00,0.00,0,
2023-04-26 10:00:08 UTC,Receive,ETH,1.00186125,USD,1897.06,1900.59,1900.59,0,Received 1.00186125 ETH from 
2023-04-26 10:00:08 UTC,Send,ETH2,1.00186125,USD,1897.06,1900.59,1900.59,0,Sent 1.00186125 ETH2 to 
2023-04-25 17:54:04 UTC,Staking Income,ETH2,0.000425343,USD,1835.36,0.78,0.78,0,
2023-04-22 16:52:37 UTC,Staking Income,ETH2,0.000299251,USD,1876.97,0.56,0.56,0,
2023-04-21 06:01:23 UTC,Staking Income,ETH2,0.000315465,USD,1928.80,0.61,0.61,0,
2023-04-17 18:20:35 UTC,Staking Income,ETH2,0.000285916,USD,2084.65,0.60,0.60,0,
2023-04-13 19:13:38 UTC,Staking Income,ETH2,0.000253833,USD,2019.04,0.51,0.51,0,
2023-04-11 23:11:24 UTC,Staking Income,ETH2,0.000293934,USD,1894.37,0.56,0.56,0,
2023-04-11 22:14:10 UTC,Staking Income,ETH2,0.000294139,USD,1893.37,0.56,0.56,0,
2023-04-11 16:04:36 UTC,Staking Income,XTZ,0.000567,USD,1.11,0.00,0.00,0,
2023-04-11 10:18:14 UTC,Staking Income,ATOM,0.000006,USD,11.36,0.00,0.00,0,
2023-04-09 15:53:31 UTC,Staking Income,XTZ,0.000289,USD,1.09,0.00,0.00,0,
2023-04-07 17:02:52 UTC,Staking Income,XTZ,0.000549,USD,1.10,0.00,0.00,0,
2023-04-05 21:52:28 UTC,Staking Income,ETH2,0.00032167,USD,1910.01,0.61,0.61,0,
2023-04-05 06:14:42 UTC,Staking Income,ATOM,0.000024,USD,11.48,0.00,0.00,0,
2023-04-05 03:53:14 UTC,Staking Income,ATOM,0.000096,USD,11.47,0.00,0.00,0,
2023-04-04 21:04:02 UTC,Staking Income,ATOM,0.00002,USD,11.33,0.00,0.00,0,
2023-04-03 21:11:22 UTC,Receive,ADA,0.000054,USD,0.38,0.00,0.00,0,Received 0.000054 ADA from 
2023-04-02 10:23:33 UTC,Receive,ADA,0.000053,USD,0.38,0.00,0.00,0,Received 0.000053 ADA from 
2023-04-02 00:48:56 UTC,Staking Income,ETH2,0.000309103,USD,1815.89,0.56,0.56,0,
2023-03-31 22:55:46 UTC,Receive,ADA,0.000051,USD,0.40,0.00,0.00,0,Received 0.000051 ADA from 
2023-03-31 03:21:20 UTC,Staking Income,ETH2,0.00034461,USD,1805.55,0.62,0.62,0,
2023-03-31 03:01:44 UTC,Staking Income,ETH2,0.000286687,USD,1803.21,0.52,0.52,0,
2023-03-31 01:40:27 UTC,Staking Income,XTZ,0.000675,USD,1.11,0.00,0.00,0,
2023-03-31 00:17:54 UTC,Staking Income,ETH2,0.000329319,USD,1791.98,0.59,0.59,0,
2023-03-22 11:56:35 UTC,Staking Income,XTZ,0.00058,USD,1.17,0.00,0.00,0,
2023-03-22 04:40:38 UTC,Staking Income,ETH2,0.0003533,USD,1805.36,0.64,0.64,0,
2023-03-19 10:08:26 UTC,Staking Income,XTZ,0.000568,USD,1.21,0.00,0.00,0,
2023-03-18 09:46:17 UTC,Receive,ADA,0.000058,USD,0.35,0.00,0.00,0,Received 0.000058 ADA from 
2023-03-18 00:06:12 UTC,Staking Income,ETH2,0.00068764,USD,1793.41,1.23,1.23,0,
2023-03-16 12:49:48 UTC,Staking Income,XTZ,0.000573,USD,1.18,0.00,0.00,0,
2023-03-14 21:06:53 UTC,Staking Income,ETH2,0.00032774,USD,1687.48,0.55,0.55,0,
2023-03-11 22:19:44 UTC,Staking Income,ETH2,0.00031397,USD,1479.84,0.46,0.46,0,
2023-03-11 14:00:02 UTC,Staking Income,XTZ,0.000562,USD,0.98,0.00,0.00,0,
2023-03-11 11:17:57 UTC,Staking Income,ATOM,0.000006,USD,10.74,0.00,0.00,0,
2023-03-09 10:56:02 UTC,Receive,ADA,0.000062,USD,0.32,0.00,0.00,0,Received 0.000062 ADA from 
2023-03-08 22:05:47 UTC,Staking Income,ETH2,0.00033491,USD,1551.98,0.52,0.52,0,
2023-03-08 16:48:36 UTC,Staking Income,XTZ,0.000582,USD,1.06,0.00,0.00,0,
2023-03-06 01:07:25 UTC,Staking Income,ETH2,0.00032901,USD,1566.91,0.52,0.52,0,
2023-03-05 06:05:37 UTC,Staking Income,XTZ,0.000575,USD,1.14,0.00,0.00,0,
2023-03-02 18:24:48 UTC,Staking Income,ETH2,0.00031816,USD,1626.50,0.52,0.52,0,
2023-03-02 12:43:45 UTC,Staking Income,XTZ,0.000573,USD,1.14,0.00,0.00,0,
2023-03-01 03:05:09 UTC,Staking Income,ATOM,0.000106,USD,12.41,0.00,0.00,0,
2023-03-01 01:43:09 UTC,Staking Income,ATOM,0.00011,USD,12.38,0.00,0.00,0,
2023-02-27 17:29:53 UTC,Staking Income,ETH2,0.00034691,USD,1635.04,0.57,0.57,0,
2023-02-27 11:56:32 UTC,Staking Income,XTZ,0.000578,USD,1.20,0.00,0.00,0,
2023-02-26 07:52:08 UTC,Receive,ADA,0.000063,USD,0.36,0.00,0.00,0,Received 0.000063 ADA from 
2023-02-24 23:22:00 UTC,Staking Income,ETH2,0.00039599,USD,1608.88,0.64,0.64,0,
2023-02-24 18:06:28 UTC,Staking Income,XTZ,0.000584,USD,1.24,0.00,0.00,0,
2023-02-23 16:45:55 UTC,Staking Income,XTZ,0.000584,USD,1.36,0.00,0.00,0,
2023-02-22 00:04:30 UTC,Staking Income,ETH2,0.0003542,USD,1658.81,0.59,0.59,0,
2023-02-21 04:28:58 UTC,Receive,ADA,0.000064,USD,0.40,0.00,0.00,0,Received 0.000064 ADA from 
2023-02-18 23:30:40 UTC,Staking Income,ETH2,0.00032288,USD,1690.73,0.55,0.55,0,
2023-02-18 12:57:45 UTC,Staking Income,ATOM,0.000025,USD,14.18,0.00,0.00,0,
2023-02-18 11:59:16 UTC,Staking Income,ATOM,0.000084,USD,14.03,0.00,0.00,0,
2023-02-16 19:22:44 UTC,Staking Income,ATOM,0.000071,USD,14.11,0.00,0.00,0,
2023-02-16 10:06:14 UTC,Receive,ADA,0.00006,USD,0.41,0.00,0.00,0,Received 0.00006 ADA from 
2023-02-15 22:41:01 UTC,Staking Income,ETH2,0.00036477,USD,1670.90,0.61,0.61,0,
2023-02-13 17:51:24 UTC,Staking Income,XTZ,0.000409,USD,1.01,0.00,0.00,0,
2023-02-13 08:11:15 UTC,Staking Income,ETH2,0.00034282,USD,1517.75,0.52,0.52,0,
2023-02-12 10:56:14 UTC,Receive,ADA,0.000063,USD,0.37,0.00,0.00,0,Received 0.000063 ADA from 
2023-02-10 20:30:29 UTC,Staking Income,XTZ,0.000426,USD,1.10,0.00,0.00,0,
2023-02-09 22:17:14 UTC,Staking Income,ETH2,0.0003495,USD,1545.76,0.54,0.54,0,
2023-02-08 17:23:01 UTC,Staking Income,XTZ,0.000339,USD,1.22,0.00,0.00,0,
2023-02-07 13:08:40 UTC,Receive,ADA,0.000043,USD,0.39,0.00,0.00,0,Received 0.000043 ADA from 
2023-02-07 07:06:09 UTC,Staking Income,ETH2,0.00032611,USD,1632.74,0.53,0.53,0,
2023-02-06 21:14:07 UTC,Staking Income,ETH2,0.00031794,USD,1643.49,0.52,0.52,0,
2023-02-05 14:48:46 UTC,Staking Income,XTZ,0.000204,USD,1.19,0.00,0.00,0,
2023-02-02 11:35:42 UTC,Staking Income,ETH2,0.00034252,USD,1672.17,0.57,0.57,0,
2023-02-02 03:09:42 UTC,Staking Income,ETH2,0.00034741,USD,1672.59,0.58,0.58,0,
2023-02-01 12:53:33 UTC,Receive,ADA,0.000042,USD,0.38,0.00,0.00,0,Received 0.000042 ADA from 
2023-02-01 07:30:13 UTC,Staking Income,XTZ,0.000067,USD,1.05,0.00,0.00,0,
2023-01-29 11:37:27 UTC,Staking Income,ETH2,0.00034466,USD,1609.06,0.55,0.55,0,
2023-01-28 12:24:13 UTC,Receive,ADA,0.000044,USD,0.38,0.00,0.00,0,Received 0.000044 ADA from 
2023-01-24 23:11:13 UTC,Staking Income,XTZ,0.297989,USD,1.06,0.31,0.31,0,
2023-01-24 13:42:49 UTC,Receive,ADA,0.069641,USD,0.37,0.03,0.03,0,Received 0.069641 ADA from 
2023-01-22 19:50:38 UTC,Staking Income,ETH2,0.00034132,USD,1644.83,0.56,0.56,0,
2023-01-21 11:33:38 UTC,Staking Income,XTZ,0.201055,USD,1.11,0.22,0.22,0,
2023-01-20 07:38:53 UTC,Staking Income,ATOM,0.081585,USD,12.09,0.99,0.99,0,
2023-01-19 21:58:18 UTC,Staking Income,ETH2,0.00035728,USD,1546.30,0.55,0.55,0,
2023-01-18 15:09:59 UTC,Staking Income,XTZ,0.200285,USD,1.04,0.21,0.21,0,
2023-01-16 23:38:49 UTC,Staking Income,ETH2,0.00031456,USD,1578.74,0.50,0.50,0,
2023-01-15 12:29:58 UTC,Staking Income,XTZ,0.212775,USD,1.02,0.22,0.22,0,
2023-01-13 21:16:47 UTC,Staking Income,ETH2,0.00031759,USD,1426.20,0.45,0.45,0,
2023-01-12 18:08:22 UTC,Staking Income,XTZ,0.197917,USD,0.87,0.17,0.17,0,
2023-01-11 00:44:43 UTC,Staking Income,ETH2,0.00030656,USD,1335.79,0.41,0.41,0,
2023-01-09 17:52:45 UTC,Staking Income,XTZ,0.205581,USD,0.84,0.17,0.17,0,
2023-01-09 15:44:17 UTC,Send,USDT,52.430285,USD,1.00,52.42,52.42,0,Sent 52.430285 USDT to 0x3Ea721a51764D43fEb38aDA87122B297dAb4B0cD
2023-01-09 15:43:07 UTC,Buy,USDT,3.970456,USD,1.01,4.01,5.00,0.99,Bought 3.970456 USDT for 5 USD
2023-01-07 21:07:02 UTC,Buy,USDT,51.504321,USD,1.01,52.01,55.00,2.99,Bought 51.504321 USDT for 55 USD
2023-01-07 19:00:00 UTC,Staking Income,ETH2,0.00030144,USD,1263.85,0.38,0.38,0,
2023-01-07 06:43:35 UTC,Receive,ADA,0.074095,USD,0.28,0.02,0.02,0,Received 0.074095 ADA from 
2023-01-06 12:00:21 UTC,Staking Income,XTZ,0.197778,USD,0.76,0.15,0.15,0,
2023-01-04 16:52:41 UTC,Staking Income,ETH2,0.00033078,USD,1252.67,0.41,0.41,0,
2023-01-04 14:59:28 UTC,Staking Income,XTZ,0.192895,USD,0.76,0.15,0.15,0,
2023-01-04 08:16:02 UTC,Receive,ADA,0.074046,USD,0.27,0.02,0.02,0,Received 0.074046 ADA from 
2023-01-03 19:31:58 UTC,Unwrap,ETH2,0.165629412,USD,1207.14,199.89,199.89,0,Unwrapped 0.165629412 ETH2
2023-01-03 19:31:55 UTC,Unwrap,CBETH,0.1622192219209756,USD,1180.30,199.89,199.89,0,Unwrapped 0.1622192219209756 CBETH
2023-01-03 19:30:26 UTC,Receive,CBETH,0.1622192219209756,USD,1180.15,191.40,191.40,0,Received 0.1622192219209756 CBETH from Yield CBETH
2023-01-03 19:30:24 UTC,Send,ETH2,0.165629412,USD,1207.50,191.40,191.40,0,Sent 0.165629412 ETH2 to 
2023-01-03 16:45:40 UTC,Send,ETH,0.32496696,USD,1209.45,393.03,393.03,0,Sent 0.32496696 ETH to 0x4026Fc7f3d8b4B6AA4F0fA8823077A31a3367a26
2023-01-03 16:30:11 UTC,Send,BTC,0.18955215,USD,16640.73,3154.29,3154.29,0,Sent 0.18955215 BTC to 1PYRCa9xgbYmo4eQwhgsSYtokSZhXkGrAZ
2023-01-01 22:14:26 UTC,Staking Income,ETH2,0.00030778,USD,1201.86,0.37,0.37,0,
2023-01-01 20:37:43 UTC,Send,XTZ,866.155149,USD,0.72,624.06,624.06,0,Sent 866.155149 XTZ to tz1LdqVu38RD5x8nJ8C3WtVJjYAkJe7CdyZx
2023-01-01 20:32:49 UTC,Convert,GRT,3.51866058,USD,0.06,0.19,0.20,0.01,Converted 3.51866058 GRT to 0.268261 XTZ
2023-01-01 20:32:13 UTC,Convert,DAI,0.22370082,USD,1.00,0.22,0.22,0,Converted 0.22370082 DAI to 0.302898 XTZ
2023-01-01 20:31:30 UTC,Convert,ATOM,0.024605,USD,9.46,0.23,0.23,0,Converted 0.024605 ATOM to 0.315167 XTZ
2023-01-01 15:18:22 UTC,Staking Income,XTZ,0.191188,USD,0.71,0.14,0.14,0,
2022-12-30 15:08:35 UTC,Staking Income,ATOM,0.024605,USD,9.33,0.23,0.23,0,
2022-12-30 04:50:03 UTC,Convert,ATOM,22.738574,USD,9.37,207.62,213.27,5.65,Converted 22.738574 ATOM to 290.381618 XTZ
2022-12-30 04:48:44 UTC,Convert,FET,1091.81251959,USD,0.09,99.32,101.92,2.6,Converted 1091.81251959 FET to 0.00598356 BTC
2022-12-30 04:48:13 UTC,Convert,ADA,239.949395,USD,0.24,57.15,58.62,1.47,Converted 239.949395 ADA to 0.00344339 BTC
2022-12-30 04:47:29 UTC,Convert,AMP,16363.6307826,USD,0.00,48.99,50.32,1.33,Converted 16363.6307826 AMP to 0.00295106 BTC
2022-12-30 04:46:39 UTC,Convert,CLV,2.34990157,USD,0.05,0.12,0.12,0,Converted 2.34990157 CLV to 0.00000703 BTC
2022-12-30 04:44:25 UTC,Send,XRP,41.999999,USD,0.34,14.20,14.20,0,Sent 41.999999 XRP to rE1ZiYBJF7HrafNFYkGt5qxrPuGY1Pq3k6
2022-12-30 04:23:45 UTC,Receive,XRP,22,USD,0.34,7.43,7.43,0,Received 22 XRP from an external account
2022-12-30 04:18:55 UTC,Send,XRP,699.024029,USD,0.34,236.12,236.12,0,Sent 699.024029 XRP to rE1ZiYBJF7HrafNFYkGt5qxrPuGY1Pq3k6
2022-12-29 17:42:00 UTC,Staking Income,ETH2,0.00031668,USD,1196.52,0.38,0.38,0,
2022-12-29 11:54:22 UTC,Staking Income,XTZ,0.193942,USD,0.74,0.14,0.14,0,
2022-12-29 06:07:23 UTC,Receive,ADA,0.073036,USD,0.25,0.02,0.02,0,Received 0.073036 ADA from 
2022-12-27 00:34:07 UTC,Staking Income,ETH2,0.00031865,USD,1225.78,0.39,0.39,0,
2022-12-26 16:54:22 UTC,Staking Income,XTZ,0.074684,USD,0.79,0.06,0.06,0,
2022-12-24 06:14:33 UTC,Receive,ADA,0.07914,USD,0.26,0.02,0.02,0,Received 0.07914 ADA from 
2022-12-23 20:21:51 UTC,Staking Income,ETH2,0.00033436,USD,1220.60,0.41,0.41,0,
2022-12-23 13:34:01 UTC,Staking Income,ATOM,0.037917,USD,8.98,0.34,0.34,0,
2022-12-23 13:21:32 UTC,Staking Income,XTZ,0.102862,USD,0.80,0.08,0.08,0,
2022-12-21 06:42:52 UTC,Receive,ADA,0.080484,USD,0.25,0.02,0.02,0,Received 0.080484 ADA from 
2022-12-20 21:30:41 UTC,Staking Income,ETH2,0.00033513,USD,1212.55,0.41,0.41,0,
2022-12-20 13:54:27 UTC,Staking Income,XTZ,0.192119,USD,0.80,0.15,0.15,0,
2022-12-17 20:20:43 UTC,Staking Income,ETH2,0.0003091,USD,1178.38,0.36,0.36,0,
2022-12-17 14:32:44 UTC,Staking Income,XTZ,0.190991,USD,0.86,0.16,0.16,0,
2022-12-16 15:59:48 UTC,Staking Income,ATOM,0.036582,USD,9.07,0.33,0.33,0,
2022-12-15 01:26:41 UTC,Staking Income,ATOM,0.03374,USD,9.56,0.32,0.32,0,
2022-12-14 17:49:53 UTC,Staking Income,ETH2,0.00031497,USD,1336.57,0.42,0.42,0,
2022-12-14 13:39:02 UTC,Staking Income,XTZ,0.200904,USD,0.97,0.19,0.19,0,
2022-12-13 05:53:38 UTC,Receive,ADA,0.083148,USD,0.30,0.03,0.03,0,Received 0.083148 ADA from 
2022-12-11 23:09:21 UTC,Staking Income,ETH2,0.00031192,USD,1266.06,0.39,0.39,0,
2022-12-11 15:19:43 UTC,Staking Income,XTZ,0.182512,USD,1.00,0.18,0.18,0,
2022-12-09 19:19:22 UTC,Staking Income,XTZ,0.143919,USD,0.98,0.14,0.14,0,
2022-12-09 05:58:02 UTC,Receive,ADA,0.08388,USD,0.31,0.03,0.03,0,Received 0.08388 ADA from 
2022-12-09 00:41:28 UTC,Staking Income,ETH2,0.00030524,USD,1275.13,0.39,0.39,0,
2022-12-06 17:13:09 UTC,Staking Income,XTZ,0.152723,USD,1.01,0.15,0.15,0,
2022-12-05 20:44:35 UTC,Staking Income,ETH2,0.00032306,USD,1253.94,0.41,0.41,0,
2022-12-03 16:16:18 UTC,Staking Income,XTZ,0.142705,USD,1.02,0.14,0.14,0,
2022-12-03 06:04:42 UTC,Receive,ADA,0.085894,USD,0.32,0.03,0.03,0,Received 0.085894 ADA from 
2022-12-03 03:31:44 UTC,Staking Income,ATOM,0.045405,USD,10.24,0.46,0.46,0,
2022-12-02 19:23:15 UTC,Staking Income,ETH2,0.0003227,USD,1281.56,0.41,0.41,0,
2022-12-01 17:23:29 UTC,Receive,XTZ,0.000905,USD,1.00,0.00,0.00,0,Received 0.000905 XTZ from 
2022-11-30 15:20:14 UTC,Staking Income,XTZ,0.144915,USD,1.01,0.15,0.15,0,
2022-11-29 17:31:46 UTC,Staking Income,ETH2,0.00035283,USD,1204.64,0.43,0.43,0,
2022-11-29 00:24:07 UTC,Staking Income,XTZ,0.150946,USD,0.98,0.15,0.15,0,
2022-11-28 06:23:46 UTC,Receive,ADA,0.086163,USD,0.30,0.03,0.03,0,Received 0.086163 ADA from 
2022-11-27 16:54:07 UTC,Staking Income,XTZ,0.144929,USD,1.01,0.15,0.15,0,
2022-11-26 23:47:23 UTC,Staking Income,ETH2,0.00035409,USD,1206.17,0.43,0.43,0,
2022-11-25 14:49:40 UTC,Staking Income,ATOM,0.03964,USD,9.95,0.39,0.39,0,
2022-11-24 17:57:31 UTC,Staking Income,XTZ,0.162247,USD,1.00,0.16,0.16,0,
2022-11-23 22:08:19 UTC,Staking Income,ETH2,0.00035404,USD,1169.49,0.41,0.41,0,
2022-11-23 12:07:19 UTC,Staking Income,XTZ,0.148366,USD,0.99,0.15,0.15,0,
2022-11-23 05:37:06 UTC,Receive,ADA,0.085679,USD,0.32,0.03,0.03,0,Received 0.085679 ADA from 
2022-11-21 23:39:40 UTC,Staking Income,ATOM,0.046923,USD,9.03,0.42,0.42,0,
2022-11-21 19:14:21 UTC,Receive,ADA,0.086376,USD,0.30,0.03,0.03,0,Received 0.086376 ADA from 
2022-11-21 00:40:30 UTC,Staking Income,ETH2,0.00037483,USD,1134.05,0.43,0.43,0,
2022-11-18 14:33:17 UTC,Staking Income,ATOM,0.002127,USD,9.99,0.02,0.02,0,
2022-11-17 18:35:52 UTC,Staking Income,ETH2,0.00045591,USD,1208.86,0.55,0.55,0,
2022-11-16 10:47:59 UTC,Receive,ADA,0.087175,USD,0.33,0.03,0.03,0,Received 0.087175 ADA from 
2022-11-16 10:28:51 UTC,Staking Income,XTZ,0.149879,USD,1.01,0.15,0.15,0,
2022-11-14 18:08:19 UTC,Staking Income,ETH2,0.00064228,USD,1238.36,0.80,0.80,0,
2022-11-13 13:52:08 UTC,Staking Income,XTZ,0.147733,USD,1.02,0.15,0.15,0,
2022-11-11 23:11:11 UTC,Staking Income,ETH2,0.00032408,USD,1275.24,0.41,0.41,0,
2022-11-11 20:46:07 UTC,Staking Income,ATOM,0.042442,USD,11.37,0.48,0.48,0,
2022-11-10 22:58:46 UTC,Staking Income,XTZ,0.146691,USD,1.15,0.17,0.17,0,
2022-11-09 20:29:16 UTC,Staking Income,ETH2,0.00034898,USD,1185.67,0.41,0.41,0,
2022-11-08 11:44:25 UTC,Receive,ADA,0.093392,USD,0.38,0.04,0.04,0,Received 0.093392 ADA from 
2022-11-07 11:02:42 UTC,Staking Income,XTZ,0.150031,USD,1.39,0.21,0.21,0,
2022-11-06 00:31:31 UTC,Staking Income,ETH2,0.00030129,USD,1626.37,0.49,0.49,0,
2022-11-05 00:03:37 UTC,Staking Income,ATOM,0.056236,USD,15.15,0.85,0.85,0,
2022-11-04 17:10:51 UTC,Staking Income,XTZ,0.147425,USD,1.40,0.21,0.21,0,
2022-11-03 02:00:46 UTC,Receive,ADA,0.096413,USD,0.39,0.04,0.04,0,Received 0.096413 ADA from 
2022-11-02 16:50:54 UTC,Staking Income,ETH2,0.00030057,USD,1564.92,0.47,0.47,0,
2022-11-01 15:15:01 UTC,Staking Income,XTZ,0.147253,USD,1.41,0.21,0.21,0,
2022-10-31 22:58:05 UTC,Staking Income,ETH2,0.00030832,USD,1566.26,0.48,0.48,0,
2022-10-30 16:23:25 UTC,Staking Income,XTZ,0.14578,USD,1.43,0.21,0.21,0,
2022-10-30 00:04:12 UTC,Receive,ADA,0.088777,USD,0.42,0.04,0.04,0,Received 0.088777 ADA from 
2022-10-28 16:25:13 UTC,Staking Income,ATOM,0.04815,USD,13.70,0.66,0.66,0,
2022-10-27 17:26:26 UTC,Staking Income,ETH2,0.00028564,USD,1552.27,0.44,0.44,0,
2022-10-26 11:54:28 UTC,Staking Income,XTZ,0.145903,USD,1.43,0.21,0.21,0,
2022-10-26 03:31:13 UTC,Receive,ADA,0.094554,USD,0.40,0.04,0.04,0,Received 0.094554 ADA from 
2022-10-26 03:21:05 UTC,Staking Income,ETH2,0.00029532,USD,1484.42,0.44,0.44,0,
2022-10-24 18:37:31 UTC,Staking Income,ETH2,0.00028546,USD,1337.53,0.38,0.38,0,
2022-10-24 14:02:41 UTC,Staking Income,XTZ,0.149017,USD,1.37,0.20,0.20,0,
2022-10-21 17:50:12 UTC,Staking Income,ATOM,0.044605,USD,11.40,0.51,0.51,0,
2022-10-21 17:44:07 UTC,Staking Income,XTZ,0.14877,USD,1.34,0.20,0.20,0,
2022-10-18 22:51:28 UTC,Receive,ADA,0.096953,USD,0.36,0.03,0.03,0,Received 0.096953 ADA from 
2022-10-18 19:43:10 UTC,Staking Income,ETH2,0.00029434,USD,1297.29,0.38,0.38,0,
2022-10-18 15:37:52 UTC,Staking Income,XTZ,0.148272,USD,1.36,0.20,0.20,0,
2022-10-16 14:47:26 UTC,Receive,ADA,0.090632,USD,0.37,0.03,0.03,0,Received 0.090632 ADA from 
2022-10-15 21:12:27 UTC,Receive,ADA,0.093425,USD,0.36,0.03,0.03,0,Received 0.093425 ADA from 
2022-10-15 20:44:09 UTC,Staking Income,ETH2,0.00028662,USD,1280.41,0.37,0.37,0,
2022-10-15 15:13:49 UTC,Staking Income,XTZ,0.146682,USD,1.37,0.20,0.20,0,
2022-10-14 13:45:09 UTC,Staking Income,ATOM,0.050489,USD,12.15,0.61,0.61,0,
2022-10-14 06:53:40 UTC,Receive,ADA,0.090348,USD,0.38,0.03,0.03,0,Received 0.090348 ADA from 
2022-10-12 23:35:59 UTC,Staking Income,ETH2,0.0002929,USD,1294.98,0.38,0.38,0,
2022-10-12 12:54:01 UTC,Staking Income,XTZ,0.153624,USD,1.35,0.21,0.21,0,
2022-10-10 21:42:58 UTC,Staking Income,ATOM,0.047786,USD,12.79,0.61,0.61,0,
2022-10-10 19:29:12 UTC,Staking Income,ETH2,0.00028881,USD,1306.49,0.38,0.38,0,
2022-10-09 13:19:06 UTC,Staking Income,XTZ,0.072094,USD,1.43,0.10,0.10,0,
2022-10-07 17:36:57 UTC,Staking Income,XTZ,0.148573,USD,1.40,0.21,0.21,0,
2022-10-07 16:38:04 UTC,Staking Income,ATOM,0.040739,USD,12.76,0.52,0.52,0,
2022-10-06 18:54:25 UTC,Staking Income,ETH2,0.00029191,USD,1356.11,0.40,0.40,0,
2022-10-06 08:13:58 UTC,Staking Income,ATOM,0.054607,USD,13.02,0.71,0.71,0,
2022-10-05 15:38:53 UTC,Staking Income,XTZ,0.150764,USD,1.42,0.21,0.21,0,
2022-10-05 03:49:42 UTC,Staking Income,ATOM,0.022507,USD,12.95,0.29,0.29,0,
2022-10-05 01:25:10 UTC,Staking Income,XTZ,0.155855,USD,1.45,0.23,0.23,0,
2022-10-05 01:01:58 UTC,Staking Income,ATOM,0.004945,USD,12.92,0.06,0.06,0,
2022-10-05 00:43:39 UTC,Staking Income,ATOM,0.02671,USD,12.93,0.35,0.35,0,
2022-10-05 00:39:29 UTC,Staking Income,ATOM,0.027765,USD,12.98,0.36,0.36,0,
2022-10-05 00:36:18 UTC,Staking Income,XTZ,0.148441,USD,1.45,0.22,0.22,0,
2022-10-04 03:10:04 UTC,Staking Income,XTZ,0.145523,USD,1.43,0.21,0.21,0,
2022-10-04 01:34:07 UTC,Staking Income,XTZ,0.154296,USD,1.43,0.22,0.22,0,
2022-10-03 22:19:52 UTC,Staking Income,XTZ,0.154618,USD,1.44,0.22,0.22,0,
2022-10-03 18:36:25 UTC,Staking Income,ETH2,0.00030624,USD,1322.08,0.40,0.40,0,
2022-10-03 06:05:19 UTC,Receive,ADA,0.092734,USD,0.42,0.04,0.04,0,Received 0.092734 ADA from Coinbase Rewards
2022-10-02 15:04:59 UTC,Staking Income,XTZ,0.14876,USD,1.39,0.21,0.21,0,
2022-10-01 00:37:23 UTC,Staking Income,ETH2,0.00029812,USD,1328.32,0.40,0.40,0,
2022-09-29 13:39:40 UTC,Staking Income,XTZ,0.151351,USD,1.42,0.21,0.21,0,
2022-09-27 18:33:47 UTC,Staking Income,ETH2,0.00032319,USD,1310.53,0.42,0.42,0,
2022-09-26 17:31:48 UTC,Receive,ADA,0.093175,USD,0.44,0.04,0.04,0,Received 0.093175 ADA from Coinbase Rewards
2022-09-24 17:45:26 UTC,Staking Income,ETH2,0.0003021,USD,1336.93,0.40,0.40,0,
2022-09-24 14:53:52 UTC,Staking Income,XTZ,0.152437,USD,1.53,0.23,0.23,0,
2022-09-23 17:38:49 UTC,Staking Income,ATOM,0.047507,USD,13.61,0.65,0.65,0,
2022-09-23 02:29:57 UTC,Staking Income,XTZ,0.150384,USD,1.51,0.23,0.23,0,
2022-09-23 00:16:34 UTC,Staking Income,XTZ,0.149764,USD,1.51,0.23,0.23,0,
2022-09-22 19:42:22 UTC,Receive,ADA,0.095843,USD,0.46,0.04,0.04,0,Received 0.095843 ADA from Coinbase Rewards
2022-09-21 20:43:06 UTC,Staking Income,ETH2,0.0003167,USD,1313.81,0.42,0.42,0,
2022-09-21 15:23:57 UTC,Staking Income,XTZ,0.149857,USD,1.44,0.22,0.22,0,
2022-09-21 00:04:43 UTC,Staking Income,ETH2,0.00025672,USD,1327.08,0.34,0.34,0,
2022-09-19 21:32:23 UTC,Staking Income,ETH2,0.00025696,USD,1376.22,0.35,0.35,0,
2022-09-17 18:21:32 UTC,Staking Income,XTZ,0.159848,USD,1.55,0.25,0.25,0,
2022-09-17 08:15:42 UTC,Staking Income,ATOM,0.047177,USD,16.29,0.77,0.77,0,
2022-09-16 20:32:25 UTC,Receive,ADA,0.093455,USD,0.46,0.04,0.04,0,Received 0.093455 ADA from Coinbase Rewards
2022-09-16 06:56:42 UTC,Staking Income,XTZ,0.155895,USD,1.53,0.24,0.24,0,
2022-09-15 00:37:26 UTC,Staking Income,XTZ,0.151186,USD,1.58,0.24,0.24,0,
2022-09-14 09:59:09 UTC,Staking Income,XTZ,0.158991,USD,1.54,0.25,0.25,0,
2022-09-13 05:58:36 UTC,Staking Income,ETH2,0.00025471,USD,1719.34,0.44,0.44,0,
2022-09-10 18:04:55 UTC,Receive,ADA,0.09216,USD,0.51,0.05,0.05,0,Received 0.09216 ADA from Coinbase Rewards
2022-09-10 15:32:36 UTC,Staking Income,XTZ,0.150014,USD,1.67,0.25,0.25,0,
2022-09-10 06:44:54 UTC,Staking Income,ETH2,0.00025903,USD,1734.82,0.45,0.45,0,
2022-09-09 22:27:12 UTC,Staking Income,ETH2,0.00017238,USD,1718.02,0.30,0.30,0,
2022-09-08 08:32:52 UTC,Receive,ADA,0.095173,USD,0.47,0.04,0.04,0,Received 0.095173 ADA from Coinbase Rewards
2022-09-07 13:33:36 UTC,Staking Income,XTZ,0.151809,USD,1.45,0.22,0.22,0,
2022-09-06 20:14:17 UTC,Staking Income,ETH2,0.00025931,USD,1565.67,0.41,0.41,0,
2022-09-02 16:15:31 UTC,Staking Income,ATOM,0.047599,USD,12.93,0.62,0.62,0,
2022-09-02 03:06:07 UTC,Staking Income,ETH2,0.00026086,USD,1596.90,0.42,0.42,0,
2022-08-31 08:29:40 UTC,Receive,ADA,0.091064,USD,0.45,0.04,0.04,0,Received 0.091064 ADA from Coinbase Rewards
2022-08-30 16:48:41 UTC,Staking Income,XTZ,0.150883,USD,1.46,0.22,0.22,0,
2022-08-29 23:40:08 UTC,Staking Income,ETH2,0.00052235,USD,1558.02,0.81,0.81,0,
2022-08-26 17:58:11 UTC,Staking Income,ATOM,0.046968,USD,12.03,0.57,0.57,0,
2022-08-26 08:52:50 UTC,Receive,ADA,0.091313,USD,0.48,0.04,0.04,0,Received 0.091313 ADA from Coinbase Rewards
2022-08-25 10:35:36 UTC,Staking Income,XTZ,0.149189,USD,1.65,0.25,0.25,0,
2022-08-25 00:26:47 UTC,Staking Income,ETH2,0.00026531,USD,1659.13,0.44,0.44,0,
2022-08-23 22:15:30 UTC,Staking Income,ATOM,0.062924,USD,12.11,0.76,0.76,0,
2022-08-21 07:31:18 UTC,Receive,ADA,0.091661,USD,0.45,0.04,0.04,0,Received 0.091661 ADA from Coinbase Rewards
2022-08-19 15:32:49 UTC,Staking Income,XTZ,0.30756,USD,1.61,0.50,0.50,0,
2022-08-19 08:59:27 UTC,Staking Income,ETH2,0.01171373,USD,1738.87,20.37,20.37,0,
2022-08-18 08:32:28 UTC,Receive,ADA,0.087492,USD,0.54,0.05,0.05,0,Received 0.087492 ADA from Coinbase Rewards
2022-08-17 11:16:20 UTC,Staking Income,XTZ,0.150957,USD,1.95,0.29,0.29,0,
2022-08-12 14:51:08 UTC,Staking Income,ATOM,0.029459,USD,11.70,0.34,0.34,0,
2022-08-11 15:24:53 UTC,Staking Income,XTZ,0.159459,USD,1.93,0.31,0.31,0,
2022-08-10 07:28:48 UTC,Receive,ADA,0.090043,USD,0.51,0.05,0.05,0,Received 0.090043 ADA from Coinbase Rewards
2022-08-09 12:06:20 UTC,Staking Income,ATOM,0.00177,USD,11.46,0.02,0.02,0,
2022-08-08 19:31:01 UTC,Staking Income,ATOM,0.057081,USD,11.80,0.67,0.67,0,
2022-08-06 10:54:01 UTC,Staking Income,XTZ,0.152876,USD,1.87,0.29,0.29,0,
2022-08-06 09:52:05 UTC,Staking Income,ATOM,0.050439,USD,10.86,0.55,0.55,0,
2022-08-05 16:26:55 UTC,Staking Income,ATOM,0.030131,USD,10.70,0.32,0.32,0,
2022-08-05 13:30:51 UTC,Receive,ADA,0.091303,USD,0.51,0.05,0.05,0,Received 0.091303 ADA from Coinbase Rewards
2022-08-05 12:36:18 UTC,Staking Income,XTZ,0.151987,USD,1.86,0.28,0.28,0,
2022-08-04 10:19:34 UTC,Staking Income,ATOM,0.023966,USD,10.34,0.25,0.25,0,
2022-08-03 20:07:52 UTC,Staking Income,ATOM,0.021725,USD,10.39,0.23,0.23,0,
2022-08-01 11:19:36 UTC,Receive,ADA,0.088046,USD,0.51,0.05,0.05,0,Received 0.088046 ADA from Coinbase Rewards
2022-07-27 22:21:00 UTC,Receive,ADA,0.092975,USD,0.51,0.05,0.05,0,Received 0.092975 ADA from Coinbase Rewards
2022-07-22 17:06:14 UTC,Staking Income,XTZ,0.154186,USD,1.68,0.26,0.26,0,
2022-07-22 16:56:18 UTC,Receive,ADA,0.096921,USD,0.49,0.05,0.05,0,Received 0.096921 ADA from Coinbase Rewards
2022-07-16 14:48:30 UTC,Receive,ADA,0.095641,USD,0.44,0.04,0.04,0,Received 0.095641 ADA from Coinbase Rewards
2022-07-12 15:37:40 UTC,Receive,ADA,0.04808,USD,0.44,0.02,0.02,0,Received 0.04808 ADA from Coinbase Rewards
2022-07-12 05:11:07 UTC,Staking Income,ATOM,0.008609,USD,8.25,0.07,0.07,0,
2022-07-11 14:52:36 UTC,Staking Income,XTZ,0.151886,USD,1.66,0.25,0.25,0,
2022-07-08 12:37:22 UTC,Receive,ADA,0.071755,USD,0.47,0.03,0.03,0,Received 0.071755 ADA from Coinbase Rewards
2022-07-06 16:04:54 UTC,Staking Income,XTZ,0.15767,USD,1.51,0.24,0.24,0,
2022-07-03 15:13:37 UTC,Receive,ADA,0.07254,USD,0.45,0.03,0.03,0,Received 0.07254 ADA from Coinbase Rewards
2022-07-03 13:57:57 UTC,Staking Income,XTZ,0.14836,USD,1.40,0.21,0.21,0,
2022-07-01 14:01:56 UTC,Staking Income,XTZ,0.152121,USD,1.37,0.21,0.21,0,
2022-06-30 23:51:55 UTC,Staking Income,ATOM,0.023468,USD,7.59,0.18,0.18,0,
2022-06-30 06:04:05 UTC,Staking Income,ATOM,0.028999,USD,7.43,0.22,0.22,0,
2022-06-30 02:56:30 UTC,Staking Income,ATOM,0.000208,USD,7.47,0.00,0.00,0,
2022-06-28 19:45:13 UTC,Staking Income,XTZ,0.154732,USD,1.55,0.24,0.24,0,
2022-06-28 13:10:32 UTC,Staking Income,XTZ,0.157171,USD,1.64,0.26,0.26,0,
2022-06-27 21:24:43 UTC,Staking Income,XTZ,0.157936,USD,1.59,0.25,0.25,0,
2022-06-26 09:54:06 UTC,Receive,ADA,0.08886,USD,0.51,0.05,0.05,0,Received 0.08886 ADA from Coinbase Rewards
2022-06-25 20:22:04 UTC,Staking Income,XTZ,0.153114,USD,1.50,0.23,0.23,0,
2022-06-24 23:20:57 UTC,Staking Income,XTZ,0.162461,USD,1.55,0.25,0.25,0,
2022-06-23 22:23:26 UTC,Staking Income,XTZ,0.162234,USD,1.43,0.23,0.23,0,
2022-06-23 10:38:07 UTC,Receive,ADA,0.086854,USD,0.47,0.04,0.04,0,Received 0.086854 ADA from Coinbase Rewards
2022-06-23 01:51:31 UTC,Staking Income,XTZ,0.157706,USD,1.38,0.22,0.22,0,
2022-06-22 18:30:18 UTC,Staking Income,XTZ,0.249273,USD,1.37,0.34,0.34,0,
2022-06-22 17:55:31 UTC,Staking Income,XTZ,0.152795,USD,1.37,0.21,0.21,0,
2022-06-22 01:56:00 UTC,Staking Income,XTZ,0.154272,USD,1.38,0.21,0.21,0,
2022-06-22 00:29:33 UTC,Staking Income,XTZ,0.161489,USD,1.41,0.23,0.23,0,
2022-06-19 12:46:51 UTC,Receive,ADA,0.082927,USD,0.46,0.04,0.04,0,Received 0.082927 ADA from Coinbase Rewards
2022-06-19 05:32:16 UTC,Staking Income,XTZ,0.162212,USD,1.22,0.20,0.20,0,
2022-06-18 15:24:29 UTC,Staking Income,XTZ,0.153929,USD,1.29,0.20,0.20,0,
2022-06-18 01:04:29 UTC,Staking Income,XTZ,0.170206,USD,1.41,0.24,0.24,0,
2022-06-17 01:42:48 UTC,Staking Income,XTZ,0.082527,USD,1.42,0.12,0.12,0,
2022-06-16 01:07:19 UTC,Staking Income,ATOM,0.047056,USD,7.28,0.34,0.34,0,
2022-06-15 21:56:16 UTC,Staking Income,XTZ,0.155029,USD,1.49,0.23,0.23,0,
2022-06-15 12:02:49 UTC,Staking Income,XTZ,0.171274,USD,1.37,0.23,0.23,0,
2022-06-14 01:00:45 UTC,Staking Income,XTZ,0.154355,USD,1.33,0.21,0.21,0,
2022-06-12 12:12:02 UTC,Staking Income,XTZ,0.15702,USD,1.74,0.27,0.27,0,
2022-06-11 06:46:40 UTC,Receive,ADA,0.087505,USD,0.59,0.05,0.05,0,Received 0.087505 ADA from Coinbase Rewards
2022-06-10 22:55:29 UTC,Staking Income,XTZ,0.154123,USD,2.04,0.31,0.31,0,
2022-06-10 13:26:15 UTC,Staking Income,XTZ,0.157448,USD,2.08,0.33,0.33,0,
2022-06-10 01:34:52 UTC,Staking Income,XTZ,0.082179,USD,2.29,0.19,0.19,0,
2022-06-09 00:59:19 UTC,Staking Income,XTZ,0.158122,USD,2.08,0.33,0.33,0,
2022-06-07 15:00:54 UTC,Staking Income,XTZ,0.15925,USD,2.11,0.34,0.34,0,
2022-06-07 04:17:20 UTC,Staking Income,XTZ,0.159948,USD,2.09,0.33,0.33,0,
2022-06-06 04:15:18 UTC,Receive,ADA,0.084099,USD,0.63,0.05,0.05,0,Received 0.084099 ADA from Coinbase Rewards
2022-06-03 22:30:17 UTC,Staking Income,ATOM,0.014364,USD,9.24,0.13,0.13,0,
2022-06-02 06:09:55 UTC,Staking Income,XTZ,0.151205,USD,1.90,0.29,0.29,0,
2022-06-01 22:06:48 UTC,Staking Income,XTZ,0.153982,USD,1.94,0.30,0.30,0,
2022-06-01 14:57:55 UTC,Staking Income,XTZ,0.142262,USD,2.05,0.29,0.29,0,
2022-05-31 20:10:14 UTC,Receive,ADA,0.088162,USD,0.60,0.05,0.05,0,Received 0.088162 ADA from Coinbase Rewards
2022-05-28 13:15:42 UTC,Staking Income,XTZ,0.158166,USD,1.94,0.31,0.31,0,
2022-05-27 20:07:14 UTC,Receive,ADA,0.08603,USD,0.46,0.04,0.04,0,Received 0.08603 ADA from Coinbase Rewards
2022-05-27 19:50:26 UTC,Staking Income,ATOM,0.029755,USD,9.29,0.28,0.28,0,
2022-05-26 16:23:03 UTC,Staking Income,XTZ,0.159027,USD,1.97,0.31,0.31,0,
2022-05-24 02:11:36 UTC,Staking Income,ATOM,0.025531,USD,11.26,0.29,0.29,0,
2022-05-21 20:19:39 UTC,Receive,ADA,0.0844,USD,0.53,0.04,0.04,0,Received 0.0844 ADA from Coinbase Rewards
2022-05-19 20:40:55 UTC,Receive,ADA,0.086715,USD,0.53,0.05,0.05,0,Received 0.086715 ADA from Coinbase Rewards
2022-05-17 07:02:09 UTC,Staking Income,ATOM,0.032419,USD,11.75,0.38,0.38,0,
2022-05-11 20:47:42 UTC,Receive,ADA,0.088047,USD,0.51,0.04,0.04,0,Received 0.088047 ADA from Coinbase Rewards
2022-05-10 19:50:34 UTC,Send,BTC,0.00016469,USD,31304.23,5.16,5.16,0,Sent 0.00016469 BTC to 
2022-05-06 20:36:23 UTC,Receive,ADA,0.08321,USD,0.78,0.06,0.06,0,Received 0.08321 ADA from Coinbase Rewards
2022-05-04 00:19:28 UTC,Staking Income,ATOM,0.047757,USD,17.62,0.84,0.84,0,
2022-05-03 08:19:37 UTC,Receive,ADA,0.08354,USD,0.78,0.07,0.07,0,Received 0.08354 ADA from Coinbase Rewards
2022-05-03 00:24:59 UTC,Staking Income,ATOM,0.00534,USD,17.70,0.09,0.09,0,
2022-04-26 23:14:50 UTC,Receive,ADA,0.077287,USD,0.82,0.06,0.06,0,Received 0.077287 ADA from Coinbase Rewards
2022-04-24 14:48:19 UTC,Receive,ADA,0.082264,USD,0.89,0.07,0.07,0,Received 0.082264 ADA from Coinbase Rewards
2022-04-23 19:57:48 UTC,Receive,ADA,0.081779,USD,0.89,0.07,0.07,0,Received 0.081779 ADA from Coinbase Rewards
2022-04-22 22:36:34 UTC,Receive,ADA,0.079893,USD,0.90,0.07,0.07,0,Received 0.079893 ADA from Coinbase Rewards
2022-04-15 14:58:33 UTC,Staking Income,ATOM,0.015984,USD,24.10,0.39,0.39,0,
2022-04-08 15:02:08 UTC,Staking Income,ATOM,0.011348,USD,28.69,0.33,0.33,0,
2022-04-06 14:18:18 UTC,Convert,ETH,0.37060772,USD,3242.63,1201.74,1202.71,0.97,Converted 0.37060772 ETH to 0.37060772 ETH2
2022-04-04 22:28:04 UTC,Staking Income,ATOM,0.023044,USD,30.87,0.71,0.71,0,
2022-03-30 16:39:04 UTC,Staking Income,XTZ,0.155576,USD,3.87,0.60,0.60,0,
2022-03-30 14:11:43 UTC,Convert,ETH,0.59427858,USD,3362.61,1998.33,2000.00,1.67,Converted 0.59427858 ETH to 0.59427858 ETH2
2022-03-27 20:45:49 UTC,Staking Income,XTZ,0.157972,USD,3.83,0.60,0.60,0,
2022-03-25 14:50:18 UTC,Staking Income,ATOM,0.013224,USD,29.53,0.39,0.39,0,
2022-03-24 19:57:21 UTC,Staking Income,XTZ,0.145543,USD,3.53,0.51,0.51,0,
2022-03-21 13:40:32 UTC,Staking Income,XTZ,0.150608,USD,3.29,0.49,0.49,0,
2022-03-19 09:20:32 UTC,Staking Income,XTZ,0.145917,USD,3.21,0.47,0.47,0,
2022-03-19 05:23:52 UTC,Staking Income,ATOM,0.01404,USD,29.00,0.41,0.41,0,
2022-03-15 16:55:30 UTC,Staking Income,XTZ,0.141803,USD,2.97,0.42,0.42,0,
2022-03-12 15:51:01 UTC,Staking Income,XTZ,0.142642,USD,3.07,0.44,0.44,0,
2022-03-11 16:05:38 UTC,Staking Income,ATOM,0.02625,USD,27.55,0.72,0.72,0,
2022-03-09 15:36:37 UTC,Staking Income,XTZ,0.145218,USD,3.15,0.46,0.46,0,
2022-03-06 20:09:09 UTC,Staking Income,XTZ,0.14158,USD,3.02,0.43,0.43,0,
2022-03-04 20:25:55 UTC,Staking Income,ATOM,0.033297,USD,30.89,1.03,1.03,0,
2022-03-03 21:45:41 UTC,Staking Income,XTZ,0.158601,USD,3.37,0.53,0.53,0,
2022-02-28 21:50:59 UTC,Staking Income,XTZ,0.153374,USD,3.40,0.52,0.52,0,
2022-02-26 12:49:42 UTC,Staking Income,ATOM,0.012487,USD,28.51,0.36,0.36,0,
2022-02-25 13:37:59 UTC,Staking Income,XTZ,0.160804,USD,3.19,0.51,0.51,0,
2022-02-22 21:43:20 UTC,Staking Income,XTZ,0.15731,USD,3.01,0.47,0.47,0,
2022-02-21 23:04:45 UTC,Staking Income,XTZ,0.335311,USD,3.09,1.03,1.03,0,
2022-02-18 15:33:13 UTC,Staking Income,ATOM,0.01223,USD,27.59,0.34,0.34,0,
2022-02-14 17:35:23 UTC,Staking Income,XTZ,0.173693,USD,3.95,0.69,0.69,0,
2022-02-11 17:18:35 UTC,Staking Income,XTZ,0.176424,USD,4.33,0.76,0.76,0,
2022-02-11 14:17:49 UTC,Staking Income,ATOM,0.022572,USD,29.15,0.66,0.66,0,
2022-02-08 13:28:25 UTC,Staking Income,XTZ,0.178056,USD,4.30,0.76,0.76,0,
2022-02-07 19:39:42 UTC,Staking Income,ATOM,0.022529,USD,32.10,0.72,0.72,0,
2022-02-05 16:34:19 UTC,Staking Income,XTZ,0.180992,USD,3.99,0.72,0.72,0,
2022-02-05 00:25:38 UTC,Send,BTC,0.00024486,USD,41683.27,10.21,10.21,0,Sent 0.00024486 BTC to 
2022-02-02 17:06:36 UTC,Staking Income,XTZ,0.175366,USD,3.64,0.64,0.64,0,
2022-02-02 00:13:41 UTC,Buy,ETH,0.17519419,USD,2839.71,497.50,500.00,2.5,Bought 0.17519419 ETH for 500 USD
2022-02-02 00:12:53 UTC,Buy,BTC,0.01262631,USD,39401.85,497.50,500.00,2.5,Bought 0.01262631 BTC for 500 USD
2022-01-30 18:43:53 UTC,Staking Income,XTZ,0.162331,USD,3.34,0.54,0.54,0,
2022-01-28 17:01:03 UTC,Staking Income,ATOM,0.024382,USD,28.96,0.71,0.71,0,
2022-01-27 19:49:07 UTC,Staking Income,XTZ,0.159334,USD,2.89,0.46,0.46,0,
2022-01-24 19:42:22 UTC,Staking Income,XTZ,0.122243,USD,2.80,0.34,0.34,0,
2022-01-22 08:23:19 UTC,Staking Income,ATOM,0.034957,USD,29.83,1.04,1.04,0,
2022-01-21 16:20:13 UTC,Staking Income,XTZ,0.120526,USD,3.56,0.43,0.43,0,
2022-01-18 13:09:42 UTC,Staking Income,XTZ,0.16919,USD,3.99,0.67,0.67,0,
2022-01-15 17:01:27 UTC,Staking Income,XTZ,0.165032,USD,4.30,0.71,0.71,0,
2022-01-14 14:01:31 UTC,Buy,ETH,0.15281733,USD,3223.85,492.66,500.00,7.34,Bought 0.15281733 ETH for 500 USD
2022-01-14 14:00:17 UTC,Buy,BTC,0.01162842,USD,42366.89,492.66,500.00,7.34,Bought 0.01162842 BTC for 500 USD
2022-01-14 13:59:56 UTC,Buy,BTC,0.01162161,USD,42391.72,492.66,500.00,7.34,Bought 0.01162161 BTC for 500 USD
2022-01-14 12:26:51 UTC,Staking Income,ATOM,0.009595,USD,37.18,0.36,0.36,0,
2022-01-12 17:53:42 UTC,Staking Income,XTZ,0.166477,USD,4.37,0.73,0.73,0,
2022-01-11 03:33:34 UTC,Staking Income,XTZ,0.163583,USD,4.09,0.67,0.67,0,
2022-01-07 16:53:10 UTC,Staking Income,ATOM,0.022317,USD,43.13,0.96,0.96,0,
2022-01-06 11:44:57 UTC,Staking Income,XTZ,0.409702,USD,4.30,1.76,1.76,0,
2022-01-01 13:28:20 UTC,Staking Income,XTZ,0.240306,USD,4.62,1.11,1.11,0,
2021-12-31 16:30:34 UTC,Staking Income,ATOM,0.022744,USD,32.96,0.75,0.75,0,
2021-12-28 15:20:00 UTC,Staking Income,XTZ,0.168248,USD,4.70,0.79,0.79,0,
2021-12-25 15:03:58 UTC,Staking Income,XTZ,0.139672,USD,4.62,0.64,0.64,0,
2021-12-24 16:09:31 UTC,Staking Income,ATOM,0.021,USD,28.68,0.60,0.60,0,
2021-12-23 19:31:19 UTC,Staking Income,XTZ,0.169871,USD,4.74,0.80,0.80,0,
2021-12-21 15:42:32 UTC,Buy,BTC,0.02022508,USD,48717.73,985.32,1000.00,14.68,Bought 0.02022508 BTC for 1000 USD
2021-12-21 15:41:47 UTC,Buy,ETH,0.24684349,USD,3991.68,985.32,1000.00,14.68,Bought 0.24684349 ETH for 1000 USD
2021-12-21 08:14:20 UTC,Staking Income,XTZ,0.154609,USD,4.21,0.65,0.65,0,
2021-12-19 03:23:59 UTC,Staking Income,XTZ,0.157988,USD,4.29,0.68,0.68,0,
2021-12-18 23:50:34 UTC,Staking Income,ATOM,0.011038,USD,23.22,0.26,0.26,0,
2021-12-15 20:08:31 UTC,Buy,BTC,0.0099951,USD,49290.15,492.66,500.00,7.34,Bought 0.0099951 BTC for 500 USD
2021-12-14 15:36:21 UTC,Staking Income,XTZ,0.120488,USD,4.43,0.53,0.53,0,
2021-12-11 18:13:11 UTC,Staking Income,XTZ,0.13242,USD,4.52,0.60,0.60,0,
2021-12-08 15:58:00 UTC,Staking Income,XTZ,0.131203,USD,5.54,0.73,0.73,0,
2021-12-06 13:13:43 UTC,Staking Income,XTZ,0.135518,USD,3.98,0.54,0.54,0,
2021-12-04 12:13:09 UTC,Staking Income,XTZ,0.135951,USD,4.04,0.55,0.55,0,
2021-12-03 11:55:41 UTC,Staking Income,ATOM,0.020281,USD,30.76,0.62,0.62,0,
2021-12-01 15:47:19 UTC,Receive,DAI,0.02196036,USD,1.00,0.02,0.02,0,Received 0.02196036 DAI from Coinbase Rewards
2021-11-30 14:36:46 UTC,Staking Income,XTZ,0.127011,USD,5.69,0.72,0.72,0,
2021-11-30 10:30:29 UTC,Receive,DAI,0.04035511,USD,1.00,0.04,0.04,0,Received 0.04035511 DAI from Coinbase Rewards
2021-11-29 09:16:00 UTC,Receive,DAI,0.04035229,USD,1.00,0.04,0.04,0,Received 0.04035229 DAI from Coinbase Rewards
2021-11-28 13:21:24 UTC,Receive,DAI,0.0403491,USD,1.00,0.04,0.04,0,Received 0.0403491 DAI from Coinbase Rewards
2021-11-27 09:32:34 UTC,Receive,DAI,0.04034505,USD,1.00,0.04,0.04,0,Received 0.04034505 DAI from Coinbase Rewards
2021-11-26 16:31:09 UTC,Staking Income,ATOM,0.019479,USD,27.07,0.53,0.53,0,
2021-11-26 14:42:57 UTC,Receive,DAI,0.04033891,USD,1.00,0.04,0.04,0,Received 0.04033891 DAI from Coinbase Rewards
2021-11-26 13:05:45 UTC,Convert,DAI,243.50575773,USD,1.00,239.38,243.38,4,Converted 243.50575773 DAI to 0.00440489 BTC
2021-11-26 13:02:29 UTC,Convert,DAI,500.31645015,USD,1.00,491.72,500.00,8.28,Converted 500.31645015 DAI to 105.666786 XTZ
2021-11-25 12:33:51 UTC,Receive,DAI,0.0403325,USD,1.00,0.04,0.04,0,Received 0.0403325 DAI from Coinbase Rewards
2021-11-25 11:05:23 UTC,Staking Income,XTZ,0.125642,USD,4.91,0.62,0.62,0,
2021-11-24 14:08:11 UTC,Receive,DAI,0.05551406,USD,1.00,0.06,0.06,0,Received 0.05551406 DAI from Coinbase Rewards
2021-11-23 12:47:59 UTC,Receive,DAI,0.06745305,USD,1.00,0.07,0.07,0,Received 0.06745305 DAI from Coinbase Rewards
2021-11-22 15:42:08 UTC,Staking Income,XTZ,0.12329,USD,5.13,0.63,0.63,0,
2021-11-22 12:23:41 UTC,Receive,DAI,0.08347695,USD,1.00,0.08,0.08,0,Received 0.08347695 DAI from Coinbase Rewards
2021-11-21 15:02:03 UTC,Receive,DAI,0.11614859,USD,1.00,0.12,0.12,0,Received 0.11614859 DAI from Coinbase Rewards
2021-11-20 14:45:50 UTC,Receive,DAI,0.12168111,USD,1.00,0.12,0.12,0,Received 0.12168111 DAI from Coinbase Rewards
2021-11-20 01:22:11 UTC,Staking Income,ATOM,0.050338,USD,28.69,1.44,1.44,0,
2021-11-20 00:28:58 UTC,Send,BTC,0.00017438,USD,58512.12,10.20,10.20,0,Sent 0.00017438 BTC to 3LYNoDZHqwh8t8ydoLoNo9jdhTbzL8pgR1
2021-11-19 19:55:26 UTC,Staking Income,XTZ,0.125782,USD,5.24,0.66,0.66,0,
2021-11-19 17:26:10 UTC,Receive,DAI,0.12167011,USD,1.00,0.12,0.12,0,Received 0.12167011 DAI from Coinbase Rewards
2021-11-19 13:26:08 UTC,Convert,DAI,500.08076304,USD,1.00,486.84,500.00,13.16,Converted 500.08076304 DAI to 0.00853499 BTC
2021-11-18 08:24:12 UTC,Receive,DAI,0.1216631,USD,1.00,0.12,0.12,0,Received 0.1216631 DAI from Coinbase Rewards
2021-11-17 20:43:44 UTC,Staking Income,XTZ,0.12743,USD,5.23,0.67,0.67,0,
2021-11-17 14:10:51 UTC,Convert,DAI,500.06350807,USD,1.00,490.87,500.00,9.13,Converted 500.06350807 DAI to 0.11580559 ETH
2021-11-17 09:27:09 UTC,Receive,DAI,0.12609517,USD,1.00,0.13,0.13,0,Received 0.12609517 DAI from Coinbase Rewards
2021-11-16 19:05:49 UTC,Convert,DAI,499.86053891,USD,1.00,487.57,500.00,12.43,Converted 499.86053891 DAI to 0.00812617 BTC
2021-11-16 11:03:56 UTC,Receive,DAI,0.15961738,USD,1.00,0.16,0.16,0,Received 0.15961738 DAI from Coinbase Rewards
2021-11-15 09:03:36 UTC,Receive,DAI,0.15961051,USD,1.00,0.16,0.16,0,Received 0.15961051 DAI from Coinbase Rewards
2021-11-14 15:33:46 UTC,Receive,DAI,0.15960163,USD,1.00,0.16,0.16,0,Received 0.15960163 DAI from Coinbase Rewards
2021-11-13 10:58:35 UTC,Receive,DAI,0.15959121,USD,1.00,0.16,0.16,0,Received 0.15959121 DAI from Coinbase Rewards
2021-11-12 14:00:10 UTC,Staking Income,ATOM,0.010041,USD,32.07,0.32,0.32,0,
2021-11-12 09:47:38 UTC,Receive,DAI,0.15958497,USD,1.00,0.16,0.16,0,Received 0.15958497 DAI from Coinbase Rewards
2021-11-12 03:26:45 UTC,Convert,ETH,0.10442523,USD,4787.58,488.92,500.00,11.08,Converted 0.10442523 ETH to 235.35098 ADA
2021-11-12 02:48:23 UTC,Convert,DAI,699.89571554,USD,1.00,686.24,700.00,13.76,Converted 699.89571554 DAI to 11361.65099947 AMP
2021-11-12 02:44:54 UTC,Convert,XLM,781.9241213,USD,0.39,299.06,305.23,6.17,Converted 781.9241213 XLM to 4952.14550085 AMP
2021-11-12 02:43:26 UTC,Convert,BTC,0.015376,USD,64984.40,980.29,1001.19,20.9,Converted 0.015376 BTC to 1088.48263925 FET
2021-11-12 02:41:41 UTC,Receive,FET,1.10975474,USD,0.90,1.00,1.00,0,Received 1.10975474 FET from Coinbase Earn
2021-11-12 02:40:43 UTC,Receive,FET,1.10975474,USD,0.90,1.00,1.00,0,Received 1.10975474 FET from Coinbase Earn
2021-11-12 02:39:56 UTC,Receive,FET,1.11037086,USD,0.90,1.00,1.00,0,Received 1.11037086 FET from Coinbase Earn
2021-11-12 02:38:50 UTC,Receive,GRT,0.88059176,USD,1.13,1.00,1.00,0,Received 0.88059176 GRT from Coinbase Earn
2021-11-12 02:37:36 UTC,Receive,GRT,0.88059176,USD,1.13,1.00,1.00,0,Received 0.88059176 GRT from Coinbase Earn
2021-11-12 02:37:04 UTC,Receive,GRT,0.88059176,USD,1.14,1.00,1.00,0,Received 0.88059176 GRT from Coinbase Earn
2021-11-12 02:36:23 UTC,Receive,GRT,0.8768853,USD,1.14,1.00,1.00,0,Received 0.8768853 GRT from Coinbase Earn
2021-11-12 02:35:29 UTC,Receive,AMP,16.54533422,USD,0.06,1.00,1.00,0,Received 16.54533422 AMP from Coinbase Earn
2021-11-12 02:34:38 UTC,Receive,AMP,16.64447403,USD,0.06,1.00,1.00,0,Received 16.64447403 AMP from Coinbase Earn
2021-11-12 02:33:45 UTC,Receive,AMP,16.64447403,USD,0.06,1.00,1.00,0,Received 16.64447403 AMP from Coinbase Earn
2021-11-12 02:30:40 UTC,Receive,CLV,0.78125,USD,1.29,1.00,1.00,0,Received 0.78125 CLV from Coinbase Earn
2021-11-12 02:29:50 UTC,Receive,CLV,0.78125,USD,1.29,1.00,1.00,0,Received 0.78125 CLV from Coinbase Earn
2021-11-12 02:29:04 UTC,Receive,CLV,0.78740157,USD,1.28,1.00,1.00,0,Received 0.78740157 CLV from Coinbase Earn
2021-11-11 20:01:26 UTC,Staking Income,XTZ,0.133514,USD,5.89,0.79,0.79,0,
2021-11-11 14:55:43 UTC,Receive,DAI,0.1595767,USD,1.00,0.16,0.16,0,Received 0.1595767 DAI from Coinbase Rewards
2021-11-10 09:57:40 UTC,Receive,DAI,0.1595663,USD,1.00,0.16,0.16,0,Received 0.1595663 DAI from Coinbase Rewards
2021-11-09 10:34:59 UTC,Receive,DAI,0.1595578,USD,1.00,0.16,0.16,0,Received 0.1595578 DAI from Coinbase Rewards
2021-11-08 15:28:53 UTC,Receive,DAI,0.15954929,USD,1.00,0.16,0.16,0,Received 0.15954929 DAI from Coinbase Rewards
2021-11-07 08:46:44 UTC,Receive,DAI,0.15954085,USD,1.00,0.16,0.16,0,Received 0.15954085 DAI from Coinbase Rewards
2021-11-06 07:41:11 UTC,Receive,DAI,0.15953152,USD,1.00,0.16,0.16,0,Received 0.15953152 DAI from Coinbase Rewards
2021-11-05 17:20:44 UTC,Staking Income,ATOM,0.008967,USD,37.39,0.34,0.34,0,
2021-11-05 13:10:26 UTC,Staking Income,XTZ,0.143174,USD,6.66,0.95,0.95,0,
2021-11-05 12:31:29 UTC,Receive,DAI,0.15952417,USD,1.00,0.16,0.16,0,Received 0.15952417 DAI from Coinbase Rewards
2021-11-04 12:06:06 UTC,Receive,DAI,0.15951483,USD,1.00,0.16,0.16,0,Received 0.15951483 DAI from Coinbase Rewards
2021-11-03 11:42:31 UTC,Receive,DAI,0.15950707,USD,1.00,0.16,0.16,0,Received 0.15950707 DAI from Coinbase Rewards
2021-11-03 04:43:22 UTC,Staking Income,XTZ,0.123678,USD,6.20,0.77,0.77,0,
2021-11-02 11:07:09 UTC,Receive,DAI,0.15949694,USD,1.00,0.16,0.16,0,Received 0.15949694 DAI from Coinbase Rewards
2021-11-01 12:59:11 UTC,Receive,DAI,0.15948971,USD,1.00,0.16,0.16,0,Received 0.15948971 DAI from Coinbase Rewards
2021-10-31 09:22:23 UTC,Receive,DAI,0.15948214,USD,1.00,0.16,0.16,0,Received 0.15948214 DAI from Coinbase Rewards
2021-10-30 23:18:24 UTC,Staking Income,ATOM,0.017468,USD,37.13,0.65,0.65,0,
2021-10-30 11:17:41 UTC,Receive,DAI,0.15947363,USD,1.00,0.16,0.16,0,Received 0.15947363 DAI from Coinbase Rewards
2021-10-30 09:42:58 UTC,Staking Income,XTZ,0.122724,USD,6.48,0.79,0.79,0,
2021-10-29 08:48:12 UTC,Receive,DAI,0.15946682,USD,1.00,0.16,0.16,0,Received 0.15946682 DAI from Coinbase Rewards
2021-10-28 12:54:29 UTC,Receive,DAI,0.15946008,USD,1.00,0.16,0.16,0,Received 0.15946008 DAI from Coinbase Rewards
2021-10-27 10:45:14 UTC,Staking Income,XTZ,0.12273,USD,6.05,0.74,0.74,0,
2021-10-27 09:50:27 UTC,Receive,DAI,0.14540231,USD,1.00,0.15,0.15,0,Received 0.14540231 DAI from Coinbase Rewards
2021-10-26 09:42:08 UTC,Receive,DAI,0.13286643,USD,1.00,0.13,0.13,0,Received 0.13286643 DAI from Coinbase Rewards
2021-10-25 14:02:31 UTC,Receive,DAI,0.13285824,USD,1.00,0.13,0.13,0,Received 0.13285824 DAI from Coinbase Rewards
2021-10-24 12:42:04 UTC,Receive,DAI,0.13285177,USD,1.00,0.13,0.13,0,Received 0.13285177 DAI from Coinbase Rewards
2021-10-24 11:53:51 UTC,Staking Income,XTZ,0.102235,USD,6.59,0.67,0.67,0,
2021-10-23 11:09:04 UTC,Receive,DAI,0.13284452,USD,1.00,0.13,0.13,0,Received 0.13284452 DAI from Coinbase Rewards
2021-10-22 15:33:11 UTC,Staking Income,ATOM,0.000437,USD,34.55,0.02,0.02,0,
2021-10-22 12:41:13 UTC,Convert,BTC,0.007875,USD,63506.59,489.87,500.01,10.14,Converted 0.007875 BTC to 489.91046889 DAI
2021-10-22 08:59:05 UTC,Receive,DAI,0.13284005,USD,1.00,0.13,0.13,0,Received 0.13284005 DAI from Coinbase Rewards
2021-10-21 14:56:46 UTC,Staking Income,XTZ,0.097784,USD,6.80,0.67,0.67,0,
2021-10-21 07:52:55 UTC,Receive,DAI,0.13283453,USD,1.00,0.13,0.13,0,Received 0.13283453 DAI from Coinbase Rewards
2021-10-20 11:10:35 UTC,Receive,DAI,0.13283143,USD,1.00,0.13,0.13,0,Received 0.13283143 DAI from Coinbase Rewards
2021-10-19 10:00:13 UTC,Receive,DAI,0.11570788,USD,1.00,0.12,0.12,0,Received 0.11570788 DAI from Coinbase Rewards
2021-10-18 14:56:19 UTC,Receive,DAI,0.10627748,USD,1.00,0.11,0.11,0,Received 0.10627748 DAI from Coinbase Rewards
2021-10-18 12:41:21 UTC,Staking Income,XTZ,0.103075,USD,6.49,0.67,0.67,0,
2021-10-17 09:33:23 UTC,Receive,DAI,0.10627536,USD,1.00,0.11,0.11,0,Received 0.10627536 DAI from Coinbase Rewards
2021-10-16 11:37:52 UTC,Receive,DAI,0.07773475,USD,1.00,0.08,0.08,0,Received 0.07773475 DAI from Coinbase Rewards
2021-10-15 21:28:00 UTC,Convert,BTC,0.008104,USD,61996.43,491.29,499.98,8.69,Converted 0.008104 BTC to 71.167126 XTZ
2021-10-15 16:29:39 UTC,Staking Income,XTZ,0.102009,USD,6.91,0.71,0.71,0,
2021-10-15 07:43:43 UTC,Receive,DAI,0.05304968,USD,1.00,0.05,0.05,0,Received 0.05304968 DAI from Coinbase Rewards
2021-10-14 15:28:37 UTC,Convert,BTC,0.00865,USD,57691.88,489.75,499.98,10.23,Converted 0.00865 BTC to 489.31435964 DAI
2021-10-14 15:26:31 UTC,Convert,BCH,0.21237983,USD,600.68,124.79,127.65,2.86,Converted 0.21237983 BCH to 3.564999 ATOM
2021-10-14 15:25:35 UTC,Convert,ZRX,112.42403008,USD,1.03,113.79,116.18,2.39,Converted 112.42403008 ZRX to 3.253687 ATOM
2021-10-14 15:24:56 UTC,Convert,ETH,0.13128528,USD,3795.82,490.91,500.00,9.09,Converted 0.13128528 ETH to 14.000272 ATOM
2021-10-14 10:49:55 UTC,Receive,DAI,0.05304968,USD,1.00,0.05,0.05,0,Received 0.05304968 DAI from Coinbase Rewards
2021-10-13 10:25:11 UTC,Receive,DAI,0.05304968,USD,1.00,0.05,0.05,0,Received 0.05304968 DAI from Coinbase Rewards
2021-10-12 16:10:17 UTC,Staking Income,XTZ,0.10305,USD,6.94,0.72,0.72,0,
2021-10-12 13:19:15 UTC,Receive,DAI,0.01650762,USD,1.00,0.02,0.02,0,Received 0.01650762 DAI from Coinbase Rewards
2021-10-11 12:52:36 UTC,Convert,ETH,0.14014946,USD,3568.35,490.76,500.00,9.24,Converted 0.14014946 ETH to 490.65089333 DAI
2021-10-11 12:51:40 UTC,Convert,BTC,0.008859,USD,56443.42,490.50,499.99,9.49,Converted 0.008859 BTC to 490.36533687 DAI
2021-10-09 10:05:39 UTC,Staking Income,XTZ,0.103938,USD,7.42,0.77,0.77,0,
2021-10-07 16:32:31 UTC,Convert,ETH,0.13908767,USD,3582.44,488.75,500.00,11.25,Converted 0.13908767 ETH to 488.45271576 DAI
2021-10-07 16:31:39 UTC,Convert,BTC,0.00925,USD,53895.12,489.41,500.02,10.61,Converted 0.00925 BTC to 489.11662322 DAI
2021-10-06 11:20:12 UTC,Convert,BTC,0.009713,USD,51433.60,488.53,499.99,11.46,Converted 0.009713 BTC to 65.618447 XTZ
2021-10-06 09:42:00 UTC,Staking Income,XTZ,0.103359,USD,7.19,0.74,0.74,0,
2021-10-04 11:03:10 UTC,Staking Income,XTZ,0.098452,USD,8.88,0.87,0.87,0,
2021-09-30 09:18:15 UTC,Staking Income,XTZ,0.097625,USD,5.86,0.57,0.57,0,
2021-09-28 16:42:27 UTC,Staking Income,XTZ,0.081711,USD,5.80,0.47,0.47,0,
2021-09-25 11:26:07 UTC,Staking Income,XTZ,0.082074,USD,7.20,0.59,0.59,0,
2021-09-22 10:10:22 UTC,Staking Income,XTZ,0.083678,USD,4.97,0.42,0.42,0,
2021-09-19 12:45:28 UTC,Staking Income,XTZ,0.08413,USD,6.15,0.52,0.52,0,
2021-09-16 14:14:48 UTC,Staking Income,XTZ,0.08463,USD,6.62,0.56,0.56,0,
2021-09-13 09:58:31 UTC,Staking Income,XTZ,0.077791,USD,6.86,0.53,0.53,0,
2021-09-10 15:54:05 UTC,Staking Income,XTZ,0.158528,USD,5.87,0.93,0.93,0,
2021-09-08 11:21:23 UTC,Buy,XTZ,57.921043,USD,4.25,246.33,250.00,3.67,Bought 57.921043 XTZ for 250 USD
2021-09-08 10:49:58 UTC,Buy,BTC,0.00530378,USD,46444.23,246.33,250.00,3.67,Bought 0.00530378 BTC for 250 USD
2021-09-04 15:28:13 UTC,Staking Income,XTZ,0.076863,USD,5.46,0.42,0.42,0,
2021-09-01 13:51:34 UTC,Staking Income,XTZ,0.075271,USD,5.26,0.40,0.40,0,
2021-08-31 11:42:40 UTC,Buy,ETH,0.09983221,USD,3454.40,344.86,350.00,5.14,Bought 0.09983221 ETH for 350 USD
2021-08-29 16:32:01 UTC,Staking Income,XTZ,0.001011,USD,5.82,0.01,0.01,0,
2021-08-26 15:32:19 UTC,Staking Income,XTZ,0.082648,USD,4.56,0.38,0.38,0,
2021-08-23 16:03:10 UTC,Staking Income,XTZ,0.08429,USD,4.06,0.34,0.34,0,
2021-08-20 14:08:43 UTC,Staking Income,XTZ,0.078187,USD,3.68,0.29,0.29,0,
2021-08-17 13:44:05 UTC,Staking Income,XTZ,0.171362,USD,3.76,0.64,0.64,0,
2021-08-14 11:41:24 UTC,Staking Income,XTZ,0.08581,USD,3.52,0.30,0.30,0,
2021-08-04 09:44:20 UTC,Staking Income,XTZ,0.084158,USD,3.01,0.25,0.25,0,
2021-08-01 14:15:52 UTC,Staking Income,XTZ,0.084588,USD,3.11,0.26,0.26,0,
2021-07-29 12:03:12 UTC,Staking Income,XTZ,0.088268,USD,2.77,0.24,0.24,0,
2021-07-26 16:49:35 UTC,Staking Income,XTZ,0.084615,USD,2.96,0.25,0.25,0,
2021-07-23 11:22:00 UTC,Staking Income,XTZ,0.068549,USD,2.62,0.18,0.18,0,
2021-07-20 09:25:32 UTC,Staking Income,XTZ,0.081612,USD,2.15,0.18,0.18,0,
2021-07-17 11:17:43 UTC,Staking Income,XTZ,0.084297,USD,2.39,0.20,0.20,0,
2021-07-15 11:06:41 UTC,Staking Income,XTZ,0.085075,USD,2.60,0.22,0.22,0,
2021-07-12 11:35:22 UTC,Staking Income,XTZ,0.083438,USD,2.89,0.24,0.24,0,
2021-07-09 11:33:11 UTC,Staking Income,XTZ,0.087774,USD,2.63,0.23,0.23,0,
2021-07-06 12:18:51 UTC,Staking Income,XTZ,0.072438,USD,2.93,0.21,0.21,0,
2021-07-03 12:21:57 UTC,Staking Income,XTZ,0.084472,USD,3.00,0.25,0.25,0,
2021-06-30 10:49:40 UTC,Staking Income,XTZ,0.085093,USD,2.87,0.24,0.24,0,
2021-06-27 09:38:00 UTC,Staking Income,XTZ,0.0816,USD,2.52,0.21,0.21,0,
2021-06-24 08:58:30 UTC,Staking Income,XTZ,0.067769,USD,2.74,0.19,0.19,0,
2021-06-21 10:16:34 UTC,Staking Income,XTZ,0.069552,USD,2.74,0.19,0.19,0,
2021-06-18 10:57:31 UTC,Staking Income,XTZ,0.093626,USD,3.23,0.30,0.30,0,
2021-06-15 12:35:16 UTC,Staking Income,XTZ,0.121701,USD,3.31,0.40,0.40,0,
2021-06-12 11:19:38 UTC,Staking Income,XTZ,0.121896,USD,3.09,0.38,0.38,0,
2021-06-09 09:26:18 UTC,Staking Income,XTZ,0.134407,USD,3.43,0.46,0.46,0,
2021-06-06 08:47:52 UTC,Staking Income,XTZ,0.135224,USD,3.51,0.47,0.47,0,
2021-06-04 08:59:11 UTC,Staking Income,XTZ,0.133524,USD,3.48,0.47,0.47,0,
2021-06-01 12:28:05 UTC,Staking Income,XTZ,0.133355,USD,3.60,0.48,0.48,0,
2021-05-29 11:09:45 UTC,Staking Income,XTZ,0.092782,USD,3.33,0.31,0.31,0,
2021-05-26 11:24:27 UTC,Staking Income,XTZ,0.052554,USD,3.86,0.20,0.20,0,
2021-05-23 11:00:28 UTC,Staking Income,XTZ,0.026831,USD,3.05,0.08,0.08,0,
2021-05-23 10:14:27 UTC,Receive,DAI,0.02150616,USD,1.00,0.02,0.02,0,Received 0.02150616 DAI from Coinbase Rewards
2021-05-22 08:10:15 UTC,Receive,DAI,0.04164961,USD,1.00,0.04,0.04,0,Received 0.04164961 DAI from Coinbase Rewards
2021-05-21 08:52:05 UTC,Receive,DAI,0.0418069,USD,1.00,0.04,0.04,0,Received 0.0418069 DAI from Coinbase Rewards
2021-05-20 09:03:41 UTC,Receive,DAI,0.05025492,USD,1.00,0.05,0.05,0,Received 0.05025492 DAI from Coinbase Rewards
2021-05-19 18:29:17 UTC,Buy,XTZ,49.453783,USD,3.98,197.01,200.00,2.99,Bought 49.453783 XTZ for 200 USD
2021-05-19 18:28:45 UTC,Buy,BTC,0.00506119,USD,38925.63,197.01,200.00,2.99,Bought 0.00506119 BTC for 200 USD
2021-05-19 09:41:23 UTC,Receive,DAI,0.05535854,USD,1.00,0.06,0.06,0,Received 0.05535854 DAI from Coinbase Rewards
2021-05-18 16:40:46 UTC,Buy,BTC,0.00452626,USD,43526.00,197.01,200.00,2.99,Bought 0.00452626 BTC for 200 USD
2021-05-18 16:39:54 UTC,Convert,DAI,570.89061145,USD,1.00,556.51,571.70,15.19,Converted 570.89061145 DAI to 0.16457359 ETH
2021-05-18 08:33:33 UTC,Receive,DAI,0.06586333,USD,1.00,0.07,0.07,0,Received 0.06586333 DAI from Coinbase Rewards
2021-05-17 23:38:51 UTC,Convert,DAI,99.90978147,USD,1.00,97.72,100.00,2.28,Converted 99.90978147 DAI to 0.02963992 ETH
2021-05-17 23:38:33 UTC,Convert,DAI,99.90978147,USD,1.00,97.99,100.00,2.01,Converted 99.90978147 DAI to 0.0022399 BTC
2021-05-17 09:13:32 UTC,Receive,DAI,0.07310216,USD,1.00,0.07,0.07,0,Received 0.07310216 DAI from Coinbase Rewards
2021-05-16 11:09:59 UTC,Receive,DAI,0.02470618,USD,1.00,0.02,0.02,0,Received 0.02470618 DAI from Coinbase Rewards
2021-05-15 14:58:30 UTC,Convert,XLM,347.0650789,USD,0.72,244.10,250.00,5.9,Converted 347.0650789 XLM to 0.06257898 ETH
2021-05-15 14:57:43 UTC,Convert,DAI,249.78880357,USD,1.00,245.90,250.00,4.1,Converted 249.78880357 DAI to 0.00495944 BTC
2021-05-15 10:58:21 UTC,Staking Income,XTZ,0.016298,USD,6.07,0.10,0.10,0,
2021-05-13 11:37:53 UTC,Convert,DAI,199.81606931,USD,1.00,196.38,200.00,3.62,Converted 199.81606931 DAI to 0.00395323 BTC
2021-05-13 11:37:26 UTC,Convert,DAI,199.81606931,USD,1.00,197.67,200.00,2.33,Converted 199.81606931 DAI to 0.05269747 ETH
2021-05-12 12:05:13 UTC,Staking Income,XTZ,0.016554,USD,6.91,0.11,0.11,0,
2021-05-12 02:34:47 UTC,Convert,XLM,141.0917823,USD,0.71,98.32,100.00,1.68,Converted 141.0917823 XLM to 98.18151183 DAI
2021-05-12 02:33:22 UTC,Convert,BCH,0.06261682,USD,1589.00,97.76,100.00,2.24,Converted 0.06261682 BCH to 97.6238045 DAI
2021-05-12 02:32:23 UTC,Convert,BTC,0.004364,USD,57363.56,244.96,250.17,5.21,Converted 0.004364 BTC to 244.60677873 DAI
2021-05-12 02:31:32 UTC,Convert,ETH,0.05891828,USD,4239.97,245.07,250.00,4.93,Converted 0.05891828 ETH to 244.71476546 DAI
2021-05-11 20:31:28 UTC,Convert,ETH,0.06078074,USD,4098.20,245.04,249.59,4.55,Converted 0.06078074 ETH to 244.67286887 DAI
2021-05-11 03:26:20 UTC,Convert,BTC,0.009129,USD,54666.12,490.51,500.01,9.5,Converted 0.009129 BTC to 490.13827632 DAI
2021-05-09 20:42:15 UTC,Convert,XTZ,72.370945,USD,6.90,487.12,499.38,12.26,Converted 72.370945 XTZ to 0.12527562 ETH
2021-05-09 15:44:11 UTC,Buy,BTC,0.00855024,USD,57619.44,492.66,500.00,7.34,Bought 0.00855024 BTC for 500 USD
2021-05-08 09:03:40 UTC,Staking Income,XTZ,0.016983,USD,7.15,0.12,0.12,0,
2021-05-06 14:46:46 UTC,Convert,XTZ,68.133815,USD,7.39,490.73,500.00,9.27,Converted 68.133815 XTZ to 0.00856148 BTC
2021-05-06 12:32:11 UTC,Staking Income,XTZ,0.016812,USD,6.94,0.12,0.12,0,
2021-05-05 20:04:35 UTC,Convert,XTZ,60.835114,USD,6.66,392.88,400.00,7.12,Converted 60.835114 XTZ to 0.00687675 BTC
2021-05-05 19:58:07 UTC,Convert,BCH,0.22551643,USD,1326.65,296.23,301.28,5.05,Converted 0.22551643 BCH to 0.00517582 BTC
2021-05-03 09:44:58 UTC,Staking Income,XTZ,0.016664,USD,5.80,0.10,0.10,0,
2021-04-30 11:46:41 UTC,Staking Income,XTZ,0.016432,USD,5.37,0.09,0.09,0,
2021-04-28 11:48:29 UTC,Buy,XLM,493.0446365,USD,0.50,246.33,250.00,3.67,Bought 493.0446365 XLM for 250 USD
2021-04-27 13:50:13 UTC,Buy,BTC,0.00895148,USD,55036.71,492.66,500.00,7.34,Bought 0.00895148 BTC for 500 USD
2021-04-27 08:59:39 UTC,Staking Income,XTZ,0.016546,USD,5.32,0.09,0.09,0,
2021-04-24 09:54:20 UTC,Staking Income,XTZ,0.016362,USD,4.70,0.08,0.08,0,
2021-04-23 11:49:41 UTC,Buy,BTC,0.0048972,USD,50300.17,246.33,250.00,3.67,Bought 0.0048972 BTC for 250 USD
2021-04-23 00:15:14 UTC,Convert,BAND,12.50944676,USD,16.05,197.73,202.89,5.16,Converted 12.50944676 BAND to 0.00382311 BTC
2021-04-22 02:09:10 UTC,Convert,ETH,0.29475236,USD,2387.86,688.73,698.32,9.59,Converted 0.29475236 ETH to 130.293732 XTZ
2021-04-22 02:08:06 UTC,Convert,ETH,0.21003064,USD,2382.47,491.25,498.80,7.55,Converted 0.21003064 ETH to 0.00915486 BTC
2021-04-21 12:30:29 UTC,Staking Income,XTZ,0.016715,USD,5.52,0.09,0.09,0,
2021-04-20 12:05:35 UTC,Convert,DNT,654.05834469,USD,0.26,225.54,229.33,3.79,Converted 654.05834469 DNT to 0.00400325 BTC
2021-04-20 12:04:37 UTC,Convert,BCH,0.26373395,USD,951.33,244.23,250.00,5.77,Converted 0.26373395 BCH to 43.79221 XTZ
2021-04-19 14:57:13 UTC,Buy,BTC,0.00441198,USD,55832.08,246.33,250.00,3.67,Bought 0.00441198 BTC for 250 USD
2021-04-18 15:21:36 UTC,Convert,BAND,5.99127072,USD,16.64,97.53,100.00,2.47,Converted 5.99127072 BAND to 0.04561254 ETH
2021-04-18 08:36:53 UTC,Staking Income,XTZ,0.016305,USD,6.11,0.10,0.10,0,
2021-04-18 04:11:27 UTC,Buy,XTZ,39.74259,USD,6.20,246.33,250.00,3.67,Bought 39.74259 XTZ for 250 USD
2021-04-18 01:00:39 UTC,Convert,DNT,722.02791649,USD,0.26,246.65,250.00,3.35,Converted 722.02791649 DNT to 35.765604 XTZ
2021-04-15 13:10:29 UTC,Convert,BAND,11.2746944,USD,22.33,246.24,250.00,3.76,Converted 11.2746944 BAND to 35.851593 XTZ
2021-04-15 13:09:34 UTC,Convert,XLM,397.8427375,USD,0.63,245.20,250.00,4.8,Converted 397.8427375 XLM to 35.778783 XTZ
2021-04-15 09:27:15 UTC,Staking Income,XTZ,0.016522,USD,6.54,0.11,0.11,0,
2021-04-14 13:17:47 UTC,Convert,XLM,399.119383,USD,0.63,244.74,250.00,5.26,Converted 399.119383 XLM to 112.42403008 ZRX
2021-04-13 22:39:09 UTC,Buy,BCH,0.33868711,USD,727.31,246.33,250.00,3.67,Bought 0.33868711 BCH for 250 USD
2021-04-13 22:38:31 UTC,Buy,BTC,0.00387877,USD,63507.25,246.33,250.00,3.67,Bought 0.00387877 BTC for 250 USD
2021-04-13 22:35:06 UTC,Buy,BAND,14.57367734,USD,16.90,246.33,250.00,3.67,Bought 14.57367734 BAND for 250 USD
2021-04-13 11:30:42 UTC,Staking Income,XTZ,0.017524,USD,6.37,0.11,0.11,0,
2021-04-12 15:28:58 UTC,Convert,BTC,0.008349,USD,59861.06,491.07,499.99,8.92,Converted 0.008349 BTC to 78.546148 XTZ
2021-04-10 09:05:12 UTC,Staking Income,XTZ,0.016628,USD,6.58,0.11,0.11,0,
2021-04-09 09:47:11 UTC,Receive,DAI,0.00416311,USD,1.00,0.00,0.00,0,Received 0.00416311 DAI from Coinbase Rewards
2021-04-08 11:39:31 UTC,Buy,ETH,0.09820692,USD,2006.07,197.01,200.00,2.99,Bought 0.09820692 ETH for 200 USD
2021-04-08 11:37:33 UTC,Convert,YFI,0.00659644,USD,44577.26,287.49,292.25,4.76,Converted 0.00659644 YFI to 0.14381108 ETH
2021-04-08 10:30:52 UTC,Receive,DAI,0.00631955,USD,1.00,0.01,0.01,0,Received 0.00631955 DAI from Coinbase Rewards
2021-04-07 10:01:34 UTC,Staking Income,XTZ,0.016765,USD,5.90,0.10,0.10,0,
2021-04-07 07:33:04 UTC,Receive,DAI,0.00631919,USD,1.00,0.01,0.01,0,Received 0.00631919 DAI from Coinbase Rewards
2021-04-06 12:39:32 UTC,Convert,LTC,1.25095551,USD,236.08,290.41,296.56,6.15,Converted 1.25095551 LTC to 0.13664822 ETH
2021-04-06 12:37:34 UTC,Convert,XTZ,48.533318,USD,6.55,309.25,315.23,5.98,Converted 48.533318 XTZ to 0.00524922 BTC
2021-04-06 08:14:05 UTC,Receive,DAI,0.00631885,USD,1.00,0.01,0.01,0,Received 0.00631885 DAI from Coinbase Rewards
2021-04-05 11:05:05 UTC,Receive,DAI,0.0063185,USD,1.00,0.01,0.01,0,Received 0.0063185 DAI from Coinbase Rewards
2021-04-04 16:06:40 UTC,Receive,XTZ,0.017897,USD,5.03,0.09,0.09,0,Received 0.017897 XTZ from GDAX
2021-04-04 16:06:22 UTC,Receive,XTZ,48.515421,USD,5.03,244.10,244.10,0,Received 48.515421 XTZ from GDAX
2021-04-04 16:00:32 UTC,Send,XTZ,48.534223,USD,5.02,243.56,243.56,0,Sent 48.534223 XTZ to GDAX
2021-04-04 15:48:35 UTC,Convert,DAI,116.48669193,USD,1.00,113.76,116.58,2.82,Converted 116.48669193 DAI to 0.05489905 ETH
2021-04-04 13:34:22 UTC,Buy,ETH,0.23590307,USD,2088.40,492.66,500.00,7.34,Bought 0.23590307 ETH for 500 USD
2021-04-04 10:11:25 UTC,Staking Income,XTZ,0.015287,USD,5.00,0.08,0.08,0,
2021-04-04 08:48:43 UTC,Receive,DAI,0.00631817,USD,1.00,0.01,0.01,0,Received 0.00631817 DAI from Coinbase Rewards
2021-04-03 07:55:59 UTC,Receive,DAI,0.00631784,USD,1.00,0.01,0.01,0,Received 0.00631784 DAI from Coinbase Rewards
2021-04-02 09:20:21 UTC,Receive,DAI,0.00631749,USD,1.00,0.01,0.01,0,Received 0.00631749 DAI from Coinbase Rewards
2021-04-01 12:09:43 UTC,Staking Income,XTZ,0.015773,USD,4.90,0.08,0.08,0,
2021-04-01 09:20:50 UTC,Receive,DAI,0.00631715,USD,1.00,0.01,0.01,0,Received 0.00631715 DAI from Coinbase Rewards
2021-03-31 09:48:14 UTC,Receive,DAI,0.00631678,USD,1.00,0.01,0.01,0,Received 0.00631678 DAI from Coinbase Rewards
2021-03-30 08:32:05 UTC,Receive,DAI,0.00631646,USD,1.00,0.01,0.01,0,Received 0.00631646 DAI from Coinbase Rewards
2021-03-29 12:15:45 UTC,Staking Income,XTZ,0.016139,USD,4.42,0.07,0.07,0,
2021-03-29 07:42:56 UTC,Receive,DAI,0.00631608,USD,1.00,0.01,0.01,0,Received 0.00631608 DAI from Coinbase Rewards
2021-03-28 08:20:50 UTC,Receive,DAI,0.00631579,USD,1.00,0.01,0.01,0,Received 0.00631579 DAI from Coinbase Rewards
2021-03-27 14:21:51 UTC,Buy,BTC,0.00899231,USD,54786.81,492.66,500.00,7.34,Bought 0.00899231 BTC for 500 USD
2021-03-27 07:52:05 UTC,Receive,DAI,0.00631544,USD,1.00,0.01,0.01,0,Received 0.00631544 DAI from Coinbase Rewards
2021-03-26 11:09:43 UTC,Staking Income,XTZ,0.016062,USD,4.08,0.07,0.07,0,
2021-03-26 10:02:54 UTC,Receive,DAI,0.00631508,USD,1.00,0.01,0.01,0,Received 0.00631508 DAI from Coinbase Rewards
2021-03-25 08:43:56 UTC,Receive,DAI,0.00631476,USD,1.00,0.01,0.01,0,Received 0.00631476 DAI from Coinbase Rewards
2021-03-24 11:25:24 UTC,Receive,DAI,0.00631437,USD,1.00,0.01,0.01,0,Received 0.00631437 DAI from Coinbase Rewards
2021-03-23 09:12:51 UTC,Staking Income,XTZ,0.037358,USD,4.05,0.15,0.15,0,
2021-03-23 07:37:58 UTC,Receive,DAI,0.00631404,USD,1.00,0.01,0.01,0,Received 0.00631404 DAI from Coinbase Rewards
2021-03-22 08:15:01 UTC,Receive,DAI,0.00631368,USD,1.00,0.01,0.01,0,Received 0.00631368 DAI from Coinbase Rewards
2021-03-21 09:48:42 UTC,Staking Income,XTZ,0.037934,USD,4.16,0.16,0.16,0,
2021-03-21 09:22:29 UTC,Receive,DAI,0.00631339,USD,1.00,0.01,0.01,0,Received 0.00631339 DAI from Coinbase Rewards
2021-03-20 07:35:23 UTC,Receive,DAI,0.00631304,USD,1.00,0.01,0.01,0,Received 0.00631304 DAI from Coinbase Rewards
2021-03-19 10:52:15 UTC,Receive,DAI,0.00631268,USD,1.00,0.01,0.01,0,Received 0.00631268 DAI from Coinbase Rewards
2021-03-18 11:04:03 UTC,Staking Income,XTZ,0.037208,USD,4.31,0.16,0.16,0,
2021-03-18 10:09:01 UTC,Receive,DAI,0.00631236,USD,1.00,0.01,0.01,0,Received 0.00631236 DAI from Coinbase Rewards
2021-03-17 11:17:20 UTC,Receive,DAI,0.00631198,USD,1.00,0.01,0.01,0,Received 0.00631198 DAI from Coinbase Rewards
2021-03-16 07:51:31 UTC,Receive,DAI,0.00631163,USD,1.00,0.01,0.01,0,Received 0.00631163 DAI from Coinbase Rewards
2021-03-15 11:18:37 UTC,Staking Income,XTZ,0.034985,USD,3.83,0.13,0.13,0,
2021-03-15 07:53:04 UTC,Receive,DAI,0.00631133,USD,1.00,0.01,0.01,0,Received 0.00631133 DAI from Coinbase Rewards
2021-03-14 09:12:52 UTC,Receive,DAI,0.00631094,USD,1.00,0.01,0.01,0,Received 0.00631094 DAI from Coinbase Rewards
2021-03-13 07:57:59 UTC,Receive,DAI,0.00631063,USD,1.00,0.01,0.01,0,Received 0.00631063 DAI from Coinbase Rewards
2021-03-12 10:39:19 UTC,Receive,DAI,0.0063103,USD,1.00,0.01,0.01,0,Received 0.0063103 DAI from Coinbase Rewards
2021-03-12 09:04:11 UTC,Staking Income,XTZ,0.036699,USD,4.07,0.15,0.15,0,
2021-03-11 11:03:01 UTC,Receive,DAI,0.00630938,USD,1.00,0.01,0.01,0,Received 0.00630938 DAI from Coinbase Rewards
2021-03-10 08:05:52 UTC,Receive,DAI,0.00630792,USD,1.00,0.01,0.01,0,Received 0.00630792 DAI from Coinbase Rewards
2021-03-09 11:21:52 UTC,Receive,DAI,0.00630593,USD,1.00,0.01,0.01,0,Received 0.00630593 DAI from Coinbase Rewards
2021-03-09 08:36:36 UTC,Staking Income,XTZ,0.036869,USD,4.51,0.17,0.17,0,
2021-03-08 08:53:18 UTC,Receive,DAI,0.00630411,USD,1.00,0.01,0.01,0,Received 0.00630411 DAI from Coinbase Rewards
2021-03-07 08:19:14 UTC,Receive,DAI,0.00630258,USD,1.00,0.01,0.01,0,Received 0.00630258 DAI from Coinbase Rewards
2021-03-06 11:22:41 UTC,Receive,DAI,0.02722518,USD,1.00,0.03,0.03,0,Received 0.02722518 DAI from Coinbase Rewards
2021-03-06 10:16:18 UTC,Staking Income,XTZ,0.037062,USD,3.94,0.15,0.15,0,
2021-03-05 09:02:33 UTC,Receive,DAI,0.0333938,USD,1.00,0.03,0.03,0,Received 0.0333938 DAI from Coinbase Rewards
2021-03-04 11:24:46 UTC,Receive,DAI,0.03339208,USD,1.00,0.03,0.03,0,Received 0.03339208 DAI from Coinbase Rewards
2021-03-03 11:26:09 UTC,Receive,DAI,0.03339016,USD,1.00,0.03,0.03,0,Received 0.03339016 DAI from Coinbase Rewards
2021-03-03 10:03:17 UTC,Staking Income,XTZ,0.036648,USD,3.93,0.14,0.14,0,
2021-03-02 07:43:27 UTC,Receive,DAI,0.03338824,USD,1.00,0.03,0.03,0,Received 0.03338824 DAI from Coinbase Rewards
2021-03-01 18:32:04 UTC,Convert,DAI,499.39747694,USD,1.00,488.51,500.00,11.49,Converted 499.39747694 DAI to 0.0101013 BTC
2021-03-01 18:31:42 UTC,Buy,BTC,0.01012229,USD,48670.80,492.66,500.00,7.34,Bought 0.01012229 BTC for 500 USD
2021-03-01 09:43:54 UTC,Receive,DAI,0.03338652,USD,1.00,0.03,0.03,0,Received 0.03338652 DAI from Coinbase Rewards
2021-02-28 10:07:51 UTC,Staking Income,XTZ,0.041786,USD,3.40,0.14,0.14,0,
2021-02-28 08:59:11 UTC,Receive,DAI,0.03338474,USD,1.00,0.03,0.03,0,Received 0.03338474 DAI from Coinbase Rewards
2021-02-27 07:40:36 UTC,Receive,DAI,0.03338283,USD,1.00,0.03,0.03,0,Received 0.03338283 DAI from Coinbase Rewards
2021-02-26 10:23:51 UTC,Staking Income,XTZ,0.043721,USD,3.41,0.15,0.15,0,
2021-02-26 09:07:51 UTC,Receive,DAI,0.03338108,USD,1.00,0.03,0.03,0,Received 0.03338108 DAI from Coinbase Rewards
2021-02-25 20:47:23 UTC,Convert,LTC,0.52228867,USD,190.13,95.73,100.00,4.27,Converted 0.52228867 LTC to 368.21044869 DNT
2021-02-25 10:39:47 UTC,Receive,DAI,0.03337917,USD,1.00,0.03,0.03,0,Received 0.03337917 DAI from Coinbase Rewards
2021-02-24 09:26:19 UTC,Receive,DAI,0.03337713,USD,1.00,0.03,0.03,0,Received 0.03337713 DAI from Coinbase Rewards
2021-02-23 10:13:05 UTC,Staking Income,XTZ,0.044525,USD,3.39,0.15,0.15,0,
2021-02-23 09:00:28 UTC,Receive,DAI,0.03337477,USD,1.03,0.03,0.03,0,Received 0.03337477 DAI from Coinbase Rewards
2021-02-22 10:16:54 UTC,Receive,DAI,0.03337235,USD,1.00,0.03,0.03,0,Received 0.03337235 DAI from Coinbase Rewards
2021-02-21 09:32:32 UTC,Receive,DAI,0.03336983,USD,1.00,0.03,0.03,0,Received 0.03336983 DAI from Coinbase Rewards
2021-02-20 10:49:34 UTC,Receive,DAI,0.0333672,USD,1.00,0.03,0.03,0,Received 0.0333672 DAI from Coinbase Rewards
2021-02-20 09:34:29 UTC,Staking Income,XTZ,0.057273,USD,4.93,0.28,0.28,0,
2021-02-19 10:54:51 UTC,Receive,DAI,0.04258354,USD,1.00,0.04,0.04,0,Received 0.04258354 DAI from Coinbase Rewards
2021-02-19 02:44:18 UTC,Convert,LTC,0.44639868,USD,224.44,98.45,100.00,1.55,Converted 0.44639868 LTC to 0.14215062 BCH
2021-02-19 02:35:43 UTC,Convert,BTC,0.003917,USD,51006.41,195.08,199.99,4.91,Converted 0.003917 BTC to 0.2834093 BCH
2021-02-18 10:21:46 UTC,Receive,DAI,0.04689675,USD,1.00,0.05,0.05,0,Received 0.04689675 DAI from Coinbase Rewards
2021-02-17 10:35:45 UTC,Staking Income,XTZ,0.061792,USD,4.60,0.28,0.28,0,
2021-02-17 09:07:13 UTC,Receive,DAI,0.04689226,USD,1.00,0.05,0.05,0,Received 0.04689226 DAI from Coinbase Rewards
2021-02-16 08:56:38 UTC,Receive,DAI,0.04688621,USD,1.00,0.05,0.05,0,Received 0.04688621 DAI from Coinbase Rewards
2021-02-16 04:04:44 UTC,Convert,DNT,293.87045015,USD,0.26,96.61,100.00,3.39,Converted 293.87045015 DNT to 0.00195328 BTC
2021-02-15 09:44:46 UTC,Receive,DAI,0.04688069,USD,1.00,0.05,0.05,0,Received 0.04688069 DAI from Coinbase Rewards
2021-02-14 16:20:44 UTC,Convert,DAI,249.48307108,USD,1.00,244.34,250.00,5.66,Converted 249.48307108 DAI to 0.13533142 ETH
2021-02-14 16:20:08 UTC,Convert,DNT,3116.01710693,USD,0.26,975.82,1000.00,24.18,Converted 3116.01710693 DNT to 0.02000788 BTC
2021-02-14 16:19:41 UTC,Convert,BTC,0.010257,USD,48757.32,399.38,500.00,100.62,Converted 0.010257 BTC to 1536.08053699 DNT
2021-02-14 16:18:43 UTC,Convert,BTC,0.005128,USD,48775.06,245.18,249.98,4.8,Converted 0.005128 BTC to 15.20173454 BAND
2021-02-14 16:18:20 UTC,Convert,BTC,0.005128,USD,48775.06,243.87,249.98,6.11,Converted 0.005128 BTC to 469.4165248 XLM
2021-02-14 09:33:09 UTC,Staking Income,XTZ,0.211421,USD,5.29,1.12,1.12,0,
2021-02-14 08:21:04 UTC,Receive,DAI,0.04687471,USD,1.00,0.05,0.05,0,Received 0.04687471 DAI from Coinbase Rewards
2021-02-13 10:47:46 UTC,Receive,DAI,0.08837809,USD,1.00,0.09,0.09,0,Received 0.08837809 DAI from Coinbase Rewards
2021-02-12 18:45:19 UTC,Buy,BTC,0.01034956,USD,47602.02,492.66,500.00,7.34,Bought 0.01034956 BTC for 500 USD
2021-02-12 13:44:55 UTC,Convert,XLM,525.9736298,USD,0.47,244.26,250.00,5.74,Converted 525.9736298 XLM to 0.00510504 BTC
2021-02-12 07:42:34 UTC,Receive,DAI,0.10644028,USD,1.00,0.11,0.11,0,Received 0.10644028 DAI from Coinbase Rewards
2021-02-11 14:41:55 UTC,Convert,XLM,559.0214888,USD,0.45,252.67,250.00,-2.67,Converted 559.0214888 XLM to 0.00527234 BTC
2021-02-11 14:41:16 UTC,Convert,XTZ,58.953227,USD,4.24,244.28,250.00,5.72,Converted 58.953227 XTZ to 0.00509715 BTC
2021-02-11 10:13:29 UTC,Staking Income,XTZ,0.120144,USD,4.02,0.48,0.48,0,
2021-02-11 08:51:37 UTC,Receive,DAI,0.10643418,USD,1.00,0.11,0.11,0,Received 0.10643418 DAI from Coinbase Rewards
2021-02-10 07:48:36 UTC,Receive,DAI,0.10642807,USD,1.00,0.11,0.11,0,Received 0.10642807 DAI from Coinbase Rewards
2021-02-09 08:39:21 UTC,Receive,DAI,0.10642248,USD,1.00,0.11,0.11,0,Received 0.10642248 DAI from Coinbase Rewards
2021-02-08 16:45:00 UTC,Convert,DAI,299.47905618,USD,1.00,293.56,300.00,6.44,Converted 299.47905618 DAI to 0.17003548 ETH
2021-02-08 16:43:23 UTC,Convert,DAI,299.47905618,USD,1.00,368.17,300.00,-68.17,Converted 299.47905618 DAI to 1416.02770358 DNT
2021-02-08 16:42:14 UTC,Convert,DAI,499.1317603,USD,1.00,487.94,500.00,12.06,Converted 499.1317603 DAI to 1231.813425 XLM
2021-02-08 16:40:48 UTC,Convert,ZRX,496.71632698,USD,1.52,738.40,753.48,15.08,Converted 496.71632698 ZRX to 0.01700523 BTC
2021-02-08 10:53:47 UTC,Staking Income,XTZ,0.12504,USD,3.41,0.43,0.43,0,
2021-02-08 10:32:33 UTC,Receive,DAI,0.10641661,USD,1.00,0.11,0.11,0,Received 0.10641661 DAI from Coinbase Rewards
2021-02-07 08:43:02 UTC,Receive,DAI,0.10641146,USD,1.00,0.11,0.11,0,Received 0.10641146 DAI from Coinbase Rewards
2021-02-06 10:04:27 UTC,Receive,DAI,0.10640541,USD,1.00,0.11,0.11,0,Received 0.10640541 DAI from Coinbase Rewards
2021-02-05 11:30:28 UTC,Receive,DAI,0.10640014,USD,1.00,0.11,0.11,0,Received 0.10640014 DAI from Coinbase Rewards
2021-02-05 10:42:35 UTC,Staking Income,XTZ,0.1192,USD,3.19,0.38,0.38,0,
2021-02-04 10:43:43 UTC,Receive,DAI,0.10639395,USD,1.00,0.11,0.11,0,Received 0.10639395 DAI from Coinbase Rewards
2021-02-03 11:08:05 UTC,Receive,DAI,0.10638836,USD,1.00,0.11,0.11,0,Received 0.10638836 DAI from Coinbase Rewards
2021-02-02 15:16:26 UTC,Receive,USDC,0.000961,USD,1.00,0.00,0.00,0,Received 0.000961 USDC from Coinbase Rewards
2021-02-02 09:44:32 UTC,Staking Income,XTZ,0.123661,USD,2.96,0.37,0.37,0,
2021-02-02 08:33:09 UTC,Receive,DAI,0.10638271,USD,1.00,0.11,0.11,0,Received 0.10638271 DAI from Coinbase Rewards
2021-02-01 09:41:59 UTC,Receive,DAI,0.10637668,USD,1.00,0.11,0.11,0,Received 0.10637668 DAI from Coinbase Rewards
2021-01-31 07:36:52 UTC,Receive,DAI,0.10637136,USD,1.00,0.11,0.11,0,Received 0.10637136 DAI from Coinbase Rewards
2021-01-30 10:03:14 UTC,Staking Income,XTZ,0.121012,USD,2.92,0.35,0.35,0,
2021-01-30 09:22:50 UTC,Receive,DAI,0.1063661,USD,1.00,0.11,0.11,0,Received 0.1063661 DAI from Coinbase Rewards
2021-01-29 08:36:22 UTC,Receive,DAI,0.10636059,USD,1.00,0.11,0.11,0,Received 0.10636059 DAI from Coinbase Rewards
2021-01-28 08:06:30 UTC,Receive,DAI,0.10635479,USD,1.00,0.11,0.11,0,Received 0.10635479 DAI from Coinbase Rewards
2021-01-27 11:04:30 UTC,Staking Income,XTZ,0.124473,USD,2.79,0.35,0.35,0,
2021-01-27 09:33:24 UTC,Receive,DAI,0.10229451,USD,1.00,0.10,0.10,0,Received 0.10229451 DAI from Coinbase Rewards
2021-01-26 08:53:40 UTC,Receive,DAI,0.09839468,USD,1.00,0.10,0.10,0,Received 0.09839468 DAI from Coinbase Rewards
2021-01-25 08:32:59 UTC,Receive,DAI,0.09838984,USD,1.00,0.10,0.10,0,Received 0.09838984 DAI from Coinbase Rewards
2021-01-24 12:20:11 UTC,Staking Income,XTZ,0.134659,USD,3.18,0.43,0.43,0,
2021-01-24 09:18:30 UTC,Receive,DAI,0.09838436,USD,1.00,0.10,0.10,0,Received 0.09838436 DAI from Coinbase Rewards
2021-01-23 11:25:24 UTC,Receive,DAI,0.0983793,USD,1.00,0.10,0.10,0,Received 0.0983793 DAI from Coinbase Rewards
2021-01-22 12:14:48 UTC,Convert,BTC,0.00314,USD,31798.79,97.49,100.01,2.52,Converted 0.00314 BTC to 97.39190618 DAI
2021-01-22 12:14:20 UTC,Convert,XTZ,17.209631,USD,2.90,49.18,50.00,0.82,Converted 17.209631 XTZ to 49.12776352 DAI
2021-01-22 07:44:21 UTC,Receive,DAI,0.09837341,USD,1.00,0.10,0.10,0,Received 0.09837341 DAI from Coinbase Rewards
2021-01-21 11:16:36 UTC,Receive,DAI,0.09836838,USD,1.00,0.10,0.10,0,Received 0.09836838 DAI from Coinbase Rewards
2021-01-20 09:02:31 UTC,Receive,DAI,0.09836378,USD,1.00,0.10,0.10,0,Received 0.09836378 DAI from Coinbase Rewards
2021-01-19 09:41:47 UTC,Receive,DAI,0.0983582,USD,1.00,0.10,0.10,0,Received 0.0983582 DAI from Coinbase Rewards
2021-01-18 11:09:12 UTC,Staking Income,XTZ,0.120686,USD,2.91,0.35,0.35,0,
2021-01-18 08:27:45 UTC,Receive,DAI,0.0983536,USD,1.00,0.10,0.10,0,Received 0.0983536 DAI from Coinbase Rewards
2021-01-17 10:56:47 UTC,Receive,DAI,0.09834814,USD,1.00,0.10,0.10,0,Received 0.09834814 DAI from Coinbase Rewards
2021-01-16 10:00:41 UTC,Receive,DAI,0.09397362,USD,1.00,0.09,0.09,0,Received 0.09397362 DAI from Coinbase Rewards
2021-01-16 09:49:48 UTC,Staking Income,XTZ,0.122322,USD,3.00,0.37,0.37,0,
2021-01-15 07:58:21 UTC,Receive,DAI,0.09023221,USD,1.00,0.09,0.09,0,Received 0.09023221 DAI from Coinbase Rewards
2021-01-14 11:21:28 UTC,Receive,DAI,0.09023131,USD,1.00,0.09,0.09,0,Received 0.09023131 DAI from Coinbase Rewards
2021-01-13 09:53:34 UTC,Receive,DAI,0.09045747,USD,1.00,0.09,0.09,0,Received 0.09045747 DAI from Coinbase Rewards
2021-01-13 08:50:58 UTC,Staking Income,XTZ,0.120216,USD,2.34,0.28,0.28,0,
2021-01-12 11:28:47 UTC,Receive,DAI,0.09892503,USD,1.00,0.10,0.10,0,Received 0.09892503 DAI from Coinbase Rewards
2021-01-11 21:11:12 UTC,Receive,DAI,0.08274622,USD,1.00,0.08,0.08,0,Received 0.08274622 DAI from Coinbase Rewards
2021-01-11 13:08:47 UTC,Convert,XTZ,42.422314,USD,2.36,98.56,100.00,1.44,Converted 42.422314 XTZ to 98.54806692 DAI
2021-01-11 12:26:00 UTC,Convert,ETH,0.04785857,USD,1066.31,50.93,50.00,-0.93,Converted 0.04785857 ETH to 50.8426926 DAI
2021-01-10 19:43:12 UTC,Receive,DAI,0.07644711,USD,1.00,0.08,0.08,0,Received 0.07644711 DAI from Coinbase Rewards
2021-01-09 21:54:42 UTC,Staking Income,XTZ,0.123059,USD,2.69,0.33,0.33,0,
2021-01-09 20:41:21 UTC,Receive,DAI,0.00343463,USD,1.00,0.00,0.00,0,Received 0.00343463 DAI from Coinbase Rewards
2021-01-09 17:00:14 UTC,Convert,ZRX,440.8688997,USD,0.58,244.29,254.07,9.78,Converted 440.8688997 ZRX to 0.00659644 YFI
2021-01-08 00:12:33 UTC,Convert,DAI,249.6087383,USD,1.00,240.87,250.00,9.13,Converted 249.6087383 DAI to 719.024029 XRP
2021-01-08 00:11:30 UTC,Convert,DAI,249.6087383,USD,1.00,381.07,250.00,-131.07,Converted 249.6087383 DAI to 1465.655129 DNT
2021-01-07 12:48:34 UTC,Convert,ETH,0.04117836,USD,1218.68,48.96,50.00,1.04,Converted 0.04117836 ETH to 48.94936247 DAI
2021-01-07 12:47:55 UTC,Convert,LTC,0.29930262,USD,167.64,48.94,50.00,1.06,Converted 0.29930262 LTC to 48.91127682 DAI
2021-01-07 12:47:14 UTC,Convert,BTC,0.001318,USD,38003.85,48.96,50.01,1.05,Converted 0.001318 BTC to 48.93683866 DAI
2021-01-07 12:46:48 UTC,Convert,XTZ,18.677275,USD,2.68,48.99,50.00,1.01,Converted 18.677275 XTZ to 48.98050936 DAI
2021-01-07 12:45:55 UTC,Convert,ZRX,104.69691291,USD,0.48,49.00,49.87,0.87,Converted 104.69691291 ZRX to 48.96491624 DAI
2021-01-07 12:45:15 UTC,Convert,XLM,1209.6469343,USD,0.33,392.73,401.54,8.81,Converted 1209.6469343 XLM to 392.43491798 DAI
2021-01-06 22:25:06 UTC,Staking Income,XTZ,0.124057,USD,2.59,0.32,0.32,0,
2021-01-05 18:14:54 UTC,Convert,USDC,257.24,USD,1.00,249.36,257.24,7.88,Converted 257.24 USDC to 0.00759003 BTC
2021-01-05 04:05:16 UTC,Convert,LTC,1.98583438,USD,149.64,294.27,300.70,6.43,Converted 1.98583438 LTC to 293.85502355 DAI
2021-01-05 04:03:35 UTC,Convert,XTZ,179.143247,USD,2.22,390.87,400.00,9.13,Converted 179.143247 XTZ to 390.33431101 DAI
2021-01-04 22:12:20 UTC,Convert,ZRX,934.65829801,USD,0.38,352.34,360.00,7.66,Converted 934.65829801 ZRX to 351.85322116 DAI
2021-01-04 22:10:59 UTC,Convert,XTZ,227.717812,USD,2.20,489.88,500.00,10.12,Converted 227.717812 XTZ to 489.08594511 DAI
2021-01-04 20:24:51 UTC,Convert,BTC,0.008342,USD,31630.69,257.25,263.00,5.75,Converted 0.008342 BTC to 257.248686 USDC
2021-01-04 16:30:43 UTC,Convert,XLM,1252.9326455,USD,0.16,197.20,200.00,2.8,Converted 1252.9326455 XLM to 1.32357459 LTC
2021-01-04 11:09:10 UTC,Convert,BTC,0.008246,USD,30350.02,244.21,249.99,5.78,Converted 0.008246 BTC to 647.87281297 ZRX
2021-01-03 20:48:47 UTC,Staking Income,XTZ,0.117125,USD,2.13,0.25,0.25,0,
2021-01-03 15:33:41 UTC,Convert,BTC,0.007505,USD,33073.94,244.19,250.00,5.81,Converted 0.007505 BTC to 0.27261368 ETH
2021-01-02 16:30:26 UTC,Convert,BAND,87.88434212,USD,5.64,484.31,495.11,10.8,Converted 87.88434212 BAND to 242.436078 XTZ
2020-12-31 21:40:01 UTC,Staking Income,XTZ,0.178595,USD,2.00,0.36,0.36,0,
2020-12-28 20:41:47 UTC,Staking Income,XTZ,0.173244,USD,2.14,0.37,0.37,0,
2020-12-26 22:00:26 UTC,Staking Income,XTZ,0.110898,USD,2.01,0.22,0.22,0,
2020-12-25 20:48:58 UTC,Convert,CGLD,273.25758694,USD,1.43,380.20,391.24,11.04,Converted 273.25758694 CGLD to 2490.8715975 XLM
2020-12-23 21:09:22 UTC,Staking Income,XTZ,0.10804,USD,1.99,0.21,0.21,0,
2020-12-20 20:31:09 UTC,Staking Income,XTZ,0.107944,USD,2.30,0.25,0.25,0,
2020-12-17 19:28:10 UTC,Staking Income,XTZ,0.106728,USD,2.36,0.25,0.25,0,
2020-12-14 19:23:18 UTC,Staking Income,XTZ,0.105589,USD,2.23,0.24,0.24,0,
2020-12-11 21:01:30 UTC,Staking Income,XTZ,0.103276,USD,2.10,0.22,0.22,0,
2020-12-08 20:55:44 UTC,Staking Income,XTZ,0.101832,USD,2.22,0.23,0.23,0,
2020-12-06 20:24:00 UTC,Staking Income,XTZ,0.102483,USD,2.31,0.24,0.24,0,
2020-12-03 20:26:57 UTC,Staking Income,XTZ,0.10442,USD,2.42,0.25,0.25,0,
2020-11-30 19:57:05 UTC,Staking Income,XTZ,0.109994,USD,2.47,0.27,0.27,0,
2020-11-27 20:58:37 UTC,Staking Income,XTZ,0.106353,USD,2.28,0.24,0.24,0,
2020-11-25 18:47:03 UTC,Convert,XLM,684.1130702,USD,0.22,146.19,150.00,3.81,Converted 684.1130702 XLM to 73.53671788 CGLD
2020-11-25 13:06:26 UTC,Convert,BTC,0.010365,USD,19313.10,196.09,200.00,3.91,Converted 0.010365 BTC to 98.8594679 CGLD
2020-11-25 13:05:59 UTC,Convert,LTC,2.25288651,USD,88.69,195.74,200.12,4.38,Converted 2.25288651 LTC to 98.83859627 CGLD
2020-11-25 13:02:41 UTC,Convert,XTZ,149.686594,USD,2.68,389.31,400.54,11.23,Converted 149.686594 XTZ to 53.44526382 BAND
2020-11-24 19:50:08 UTC,Staking Income,XTZ,0.113112,USD,2.73,0.31,0.31,0,
2020-11-24 14:38:21 UTC,Convert,XLM,1761.7316648,USD,0.17,292.65,300.00,7.35,Converted 1761.7316648 XLM to 0.01518198 BTC
2020-11-21 19:53:24 UTC,Staking Income,XTZ,0.108885,USD,2.32,0.25,0.25,0,
2020-11-18 20:10:44 UTC,Staking Income,XTZ,0.108259,USD,2.04,0.22,0.22,0,
2020-11-18 15:22:08 UTC,Convert,BTC,0.011421,USD,17523.63,194.60,200.00,5.4,Converted 0.011421 BTC to 545.93168325 ZRX
2020-11-18 13:50:38 UTC,Convert,BTC,0.022219,USD,18024.07,391.67,400.01,8.34,Converted 0.022219 BTC to 189.733763 XTZ
2020-11-15 19:08:42 UTC,Staking Income,XTZ,0.104667,USD,2.02,0.21,0.21,0,
2020-11-12 19:17:48 UTC,Staking Income,XTZ,0.111339,USD,2.07,0.23,0.23,0,
2020-11-10 19:17:54 UTC,Staking Income,XTZ,0.108113,USD,2.14,0.23,0.23,0,
2020-11-07 20:09:37 UTC,Staking Income,XTZ,0.107318,USD,1.97,0.21,0.21,0,
2020-11-04 20:40:36 UTC,Staking Income,XTZ,0.110557,USD,1.87,0.21,0.21,0,
2020-11-01 20:10:08 UTC,Staking Income,XTZ,0.109365,USD,1.94,0.21,0.21,0,
2020-10-29 20:52:56 UTC,Staking Income,XTZ,0.110825,USD,1.95,0.22,0.22,0,
2020-10-26 20:24:52 UTC,Staking Income,XTZ,0.107978,USD,2.09,0.23,0.23,0,
2020-10-23 19:10:35 UTC,Staking Income,XTZ,0.106822,USD,2.19,0.23,0.23,0,
2020-10-20 20:59:08 UTC,Staking Income,XTZ,0.108365,USD,2.08,0.22,0.22,0,
2020-10-19 17:42:34 UTC,Staking Income,XTZ,0.104772,USD,2.21,0.23,0.23,0,
2020-10-15 20:48:50 UTC,Staking Income,XTZ,0.101589,USD,2.26,0.23,0.23,0,
2020-10-12 20:20:47 UTC,Staking Income,XTZ,0.078991,USD,2.35,0.19,0.19,0,
2020-10-06 19:26:26 UTC,Staking Income,XTZ,0.081236,USD,2.10,0.17,0.17,0,
2020-10-03 19:33:41 UTC,Staking Income,XTZ,0.079763,USD,2.14,0.17,0.17,0,
2020-09-30 20:58:21 UTC,Staking Income,XTZ,0.026213,USD,2.18,0.06,0.06,0,
2020-09-28 20:50:14 UTC,Staking Income,XTZ,0.025751,USD,2.30,0.06,0.06,0,
2020-09-25 20:11:06 UTC,Staking Income,XTZ,0.025742,USD,2.23,0.06,0.06,0,
2020-09-22 20:33:16 UTC,Staking Income,XTZ,0.025905,USD,2.13,0.06,0.06,0,
2020-09-19 19:12:20 UTC,Staking Income,XTZ,0.024736,USD,2.31,0.06,0.06,0,
2020-09-16 20:27:30 UTC,Staking Income,XTZ,0.026947,USD,2.45,0.07,0.07,0,
2020-09-13 20:56:34 UTC,Staking Income,XTZ,0.02717,USD,2.60,0.07,0.07,0,
2020-09-11 19:18:15 UTC,Staking Income,XTZ,0.024779,USD,2.53,0.06,0.06,0,
2020-09-11 13:43:34 UTC,Receive,CGLD,0.67333266,USD,2.95,1.99,1.99,0,Received 0.67333266 CGLD from Coinbase Earn
2020-09-11 13:41:43 UTC,Receive,CGLD,0.67265328,USD,2.95,1.99,1.99,0,Received 0.67265328 CGLD from Coinbase Earn
2020-09-11 13:39:17 UTC,Receive,CGLD,0.67681895,USD,2.95,2.00,2.00,0,Received 0.67681895 CGLD from Coinbase Earn
2020-09-11 13:32:10 UTC,Convert,BTC,0.004857,USD,10302.41,48.94,50.05,1.11,Converted 0.004857 BTC to 1.01141986 LTC
2020-09-11 13:31:48 UTC,Convert,BTC,0.004857,USD,10305.20,48.87,50.05,1.18,Converted 0.004857 BTC to 601.2477719 XLM
2020-09-11 13:31:18 UTC,Convert,BTC,0.004857,USD,10305.20,49.05,50.05,1,Converted 0.004857 BTC to 5.58997547 BAND
2020-09-11 13:30:27 UTC,Convert,BTC,0.004857,USD,10304.15,49.06,50.05,0.99,Converted 0.004857 BTC to 97.45732104 ZRX
2020-09-11 13:29:53 UTC,Convert,BTC,0.004855,USD,10306.10,49.09,50.03,0.94,Converted 0.004855 BTC to 19.45477 XTZ
2020-09-11 13:20:31 UTC,Receive,XLM,24.5498177,USD,0.08,2.00,2.00,0,Received 24.5498177 XLM from Coinbase Earn
2020-09-11 13:17:34 UTC,Receive,XLM,24.4944949,USD,0.08,2.00,2.00,0,Received 24.4944949 XLM from Coinbase Earn
2020-09-11 13:14:26 UTC,Receive,XLM,24.5519273,USD,0.08,2.00,2.00,0,Received 24.5519273 XLM from Coinbase Earn
2020-09-11 13:10:04 UTC,Receive,XLM,24.5866372,USD,0.08,2.00,2.00,0,Received 24.5866372 XLM from Coinbase Earn
2020-09-11 13:07:21 UTC,Receive,XLM,24.5597662,USD,0.08,2.00,2.00,0,Received 24.5597662 XLM from Coinbase Earn
2020-09-10 19:36:59 UTC,Staking Income,XTZ,0.025826,USD,2.56,0.07,0.07,0,
2020-09-07 20:36:19 UTC,Staking Income,XTZ,0.026127,USD,2.47,0.06,0.06,0,
2020-09-05 19:41:38 UTC,Staking Income,XTZ,0.026254,USD,2.33,0.06,0.06,0,
2020-09-04 15:11:29 UTC,Convert,ZRX,64.1700249,USD,0.47,29.29,30.00,0.71,Converted 64.1700249 ZRX to 11.536745 XTZ
2020-09-04 15:11:01 UTC,Convert,ZRX,64.1700249,USD,0.47,29.29,30.00,0.71,Converted 64.1700249 ZRX to 2.86932068 BAND
2020-09-03 12:31:01 UTC,Convert,BTC,0.009274,USD,10872.90,97.13,100.93,3.8,Converted 0.009274 BTC to 35.566253 XTZ
2020-09-03 12:29:07 UTC,Convert,BTC,0.009266,USD,11000.96,99.80,100.84,1.04,Converted 0.009266 BTC to 8.26870482 BAND
2020-09-02 19:53:47 UTC,Staking Income,XTZ,0.027132,USD,3.11,0.08,0.08,0,
2020-09-02 15:02:50 UTC,Convert,BAND,2.04346449,USD,14.30,29.37,29.39,0.02,Converted 2.04346449 BAND to 9.630215 XTZ
2020-08-30 19:08:04 UTC,Staking Income,XTZ,0.026056,USD,3.41,0.09,0.09,0,
2020-08-27 20:09:37 UTC,Staking Income,XTZ,0.025496,USD,3.19,0.08,0.08,0,
2020-08-27 19:25:14 UTC,Buy,XLM,2651.3259374,USD,0.09,246.33,250.00,3.67,Bought 2651.3259374 XLM for 250 USD
2020-08-27 19:17:45 UTC,Buy,LTC,4.42267192,USD,55.70,246.33,250.00,3.67,Bought 4.42267192 LTC for 250 USD
2020-08-27 19:10:30 UTC,Buy,BAND,19.75454182,USD,12.47,246.33,250.00,3.67,Bought 19.75454182 BAND for 250 USD
2020-08-27 19:00:47 UTC,Buy,BTC,0.08703185,USD,11321.37,985.32,1000.00,14.68,Bought 0.08703185 BTC for 1000 USD
2020-08-27 19:00:12 UTC,Buy,ZRX,814.01867014,USD,0.61,492.66,500.00,7.34,Bought 814.01867014 ZRX for 500 USD
2020-08-27 18:59:25 UTC,Buy,XTZ,153.612733,USD,3.21,492.66,500.00,7.34,Bought 153.612733 XTZ for 500 USD
2020-08-24 20:48:39 UTC,Staking Income,XTZ,0.025662,USD,3.68,0.09,0.09,0,
2020-08-23 00:42:57 UTC,Staking Income,XTZ,0.025524,USD,3.54,0.09,0.09,0,
2020-08-22 23:03:32 UTC,Staking Income,XTZ,0.026403,USD,3.59,0.09,0.09,0,
2020-08-15 20:18:43 UTC,Staking Income,XTZ,0.025609,USD,4.14,0.11,0.11,0,
2020-08-13 19:54:15 UTC,Staking Income,XTZ,0.026835,USD,4.28,0.11,0.11,0,
2020-08-10 20:22:35 UTC,Staking Income,XTZ,0.026588,USD,4.12,0.11,0.11,0,
2020-08-07 19:28:19 UTC,Staking Income,XTZ,0.026767,USD,3.06,0.08,0.08,0,
2020-08-04 19:19:45 UTC,Staking Income,XTZ,0.02594,USD,3.23,0.08,0.08,0,
2020-08-02 04:10:37 UTC,Staking Income,XTZ,0.024864,USD,3.12,0.08,0.08,0,
2020-07-29 19:59:22 UTC,Staking Income,XTZ,0.024499,USD,2.83,0.07,0.07,0,
2020-07-26 20:47:29 UTC,Staking Income,XTZ,0.026898,USD,2.98,0.08,0.08,0,
2020-07-24 20:46:52 UTC,Staking Income,XTZ,0.025101,USD,3.12,0.08,0.08,0,
2020-07-21 23:17:27 UTC,Staking Income,XTZ,0.027135,USD,2.97,0.08,0.08,0,
2020-07-18 19:46:49 UTC,Staking Income,XTZ,0.026915,USD,3.07,0.08,0.08,0,
2020-07-15 21:21:36 UTC,Staking Income,XTZ,0.02648,USD,3.09,0.08,0.08,0,
2020-07-12 23:57:59 UTC,Staking Income,XTZ,0.026432,USD,2.82,0.07,0.07,0,
2020-07-09 22:32:40 UTC,Staking Income,XTZ,0.026115,USD,2.50,0.07,0.07,0,
2020-07-07 05:34:28 UTC,Staking Income,XTZ,0.02795,USD,2.45,0.07,0.07,0,
2020-07-05 05:43:55 UTC,Staking Income,XTZ,0.025838,USD,2.29,0.06,0.06,0,
2020-07-01 21:54:37 UTC,Staking Income,XTZ,0.026717,USD,2.40,0.06,0.06,0,
2020-06-28 23:09:14 UTC,Staking Income,XTZ,0.030532,USD,2.36,0.07,0.07,0,
2020-06-25 21:36:06 UTC,Staking Income,XTZ,0.031728,USD,2.61,0.08,0.08,0,
2020-06-22 23:05:20 UTC,Staking Income,XTZ,0.031687,USD,2.69,0.09,0.09,0,
2020-06-19 21:58:01 UTC,Staking Income,XTZ,0.031405,USD,2.64,0.08,0.08,0,
2020-06-18 22:51:01 UTC,Staking Income,XTZ,0.032182,USD,2.69,0.09,0.09,0,
2020-06-15 21:06:48 UTC,Staking Income,XTZ,0.031233,USD,2.68,0.08,0.08,0,
2020-06-13 02:29:29 UTC,Staking Income,XTZ,0.033237,USD,2.66,0.09,0.09,0,
2020-06-09 21:36:18 UTC,Staking Income,XTZ,0.033376,USD,2.90,0.10,0.10,0,
2020-06-06 19:45:04 UTC,Staking Income,XTZ,0.034264,USD,2.91,0.10,0.10,0,
2020-06-04 02:45:49 UTC,Staking Income,XTZ,0.032743,USD,3.04,0.10,0.10,0,
2020-05-31 22:05:23 UTC,Staking Income,XTZ,0.03275,USD,2.84,0.09,0.09,0,
2020-05-28 22:33:26 UTC,Staking Income,XTZ,0.03159,USD,2.79,0.09,0.09,0,
2020-05-27 20:44:47 UTC,Staking Income,XTZ,0.032183,USD,2.71,0.09,0.09,0,
2020-05-26 21:43:46 UTC,Staking Income,XTZ,0.027455,USD,2.70,0.07,0.07,0,
2020-05-19 20:58:11 UTC,Staking Income,XTZ,0.027818,USD,2.81,0.08,0.08,0,
2020-05-17 20:08:12 UTC,Staking Income,XTZ,0.023296,USD,2.64,0.06,0.06,0,
2020-05-14 22:38:46 UTC,Staking Income,XTZ,0.027659,USD,2.55,0.07,0.07,0,
2020-05-11 19:21:59 UTC,Staking Income,XTZ,0.026817,USD,2.37,0.06,0.06,0,
2020-05-08 21:24:09 UTC,Staking Income,XTZ,0.027436,USD,2.76,0.08,0.08,0,
2020-05-06 19:41:55 UTC,Staking Income,XTZ,0.02733,USD,2.73,0.07,0.07,0,
2020-05-03 19:48:09 UTC,Staking Income,XTZ,0.027352,USD,2.72,0.07,0.07,0,
2020-04-30 19:18:39 UTC,Staking Income,XTZ,0.026766,USD,2.80,0.07,0.07,0,
2020-04-27 20:02:09 UTC,Staking Income,XTZ,0.027083,USD,2.71,0.07,0.07,0,
2020-04-24 19:04:33 UTC,Staking Income,XTZ,0.027647,USD,2.73,0.08,0.08,0,
2020-04-21 19:29:44 UTC,Staking Income,XTZ,0.027002,USD,2.20,0.06,0.06,0,
2020-04-17 20:47:11 UTC,Staking Income,XTZ,0.026444,USD,2.11,0.06,0.06,0,
2020-04-13 20:39:27 UTC,Staking Income,XTZ,0.027172,USD,1.95,0.05,0.05,0,
2020-04-09 20:21:57 UTC,Staking Income,XTZ,0.026782,USD,2.08,0.06,0.06,0,
2020-04-07 18:52:23 UTC,Staking Income,XTZ,0.026141,USD,2.01,0.05,0.05,0,
2020-04-04 20:24:39 UTC,Staking Income,XTZ,0.026514,USD,1.69,0.04,0.04,0,
2020-03-31 19:24:29 UTC,Staking Income,XTZ,0.025747,USD,1.60,0.04,0.04,0,
2020-03-21 18:57:04 UTC,Staking Income,XTZ,0.055485,USD,1.65,0.09,0.09,0,
2020-03-18 19:23:36 UTC,Staking Income,XTZ,0.055638,USD,1.35,0.08,0.08,0,
2020-03-15 19:16:15 UTC,Staking Income,XTZ,0.055847,USD,1.55,0.09,0.09,0,
2020-03-12 20:03:25 UTC,Staking Income,XTZ,0.055652,USD,1.76,0.10,0.10,0,
2020-03-08 19:08:39 UTC,Staking Income,XTZ,0.056284,USD,2.80,0.16,0.16,0,
2020-03-06 19:42:25 UTC,Staking Income,XTZ,0.056696,USD,3.12,0.18,0.18,0,
2020-03-02 19:49:42 UTC,Staking Income,XTZ,0.056554,USD,2.83,0.16,0.16,0,
2020-02-28 19:09:16 UTC,Staking Income,XTZ,0.057615,USD,2.67,0.15,0.15,0,
2020-02-25 20:03:04 UTC,Staking Income,XTZ,0.057944,USD,2.77,0.16,0.16,0,
2020-02-22 19:17:09 UTC,Staking Income,XTZ,0.059074,USD,3.40,0.20,0.20,0,
2020-02-19 16:50:45 UTC,Convert,EOS,62.6186,USD,4.56,276.91,285.60,8.69,Converted 62.6186 EOS to 72.221652 XTZ
2020-02-15 23:00:34 UTC,Convert,BTC,0.030211,USD,9930.00,294.50,300.00,5.5,Converted 0.030211 BTC to 62.6186 EOS
2020-02-13 22:35:13 UTC,Buy,USD,488.61,USD,0.99,481.44,488.61,7.17,Bought 488.61 USD for 488.61 USD
2020-02-13 22:35:13 UTC,Buy,BTC,0.04688927,USD,10267.59,481.44,488.61,7.17,Bought 0.04688927 BTC for 488.61 USD
2020-02-12 14:18:48 UTC,Sell,USD,488.61,USD,1.02,496.00,488.61,-7.39,Sold 488.61 USD for 488.61 USD
2020-02-12 14:18:47 UTC,Sell,XTZ,150.600859,USD,3.29,496.00,488.61,-7.39,Sold 150.600859 XTZ for 488.61 USD
2020-01-11 01:10:41 UTC,Convert,BTC,0.02458664,USD,8181.86,196.91,201.23,4.32,Converted 0.02458664 BTC to 150.600859 XTZ
2018-05-30 16:14:14 UTC,Receive,BTC,0.0128892,USD,7336.81,94.57,94.57,0,Received 0.0128892 BTC from Jon Bakies
2017-12-03 17:02:00 UTC,Receive,BTC,0.01169744,USD,11695.44,136.81,136.81,0,Received 0.01169744 BTC from an external account
